"Status","Start Time","Stop Time","Duration in ms","Parent Suite","Suite","Sub Suite","Test Class","Test Method","Name","Description"
"passed","Tue Jan 10 10:07:01 CST 2023","Tue Jan 10 10:07:02 CST 2023","923","tool","test_case","","","","hc_consumableList_frameTime_desc","POST请求参数:{'orderBy': 'frameTime', 'orderByTwo': 'desc', 'page': {'currentPage': 1, 'showCount': 15}}"
"passed","Tue Jan 10 10:06:53 CST 2023","Tue Jan 10 10:06:54 CST 2023","874","tool","test_case","","","","hxjlistAllUse","POST请求参数:{}"
"passed","Tue Jan 10 10:05:43 CST 2023","Tue Jan 10 10:05:44 CST 2023","734","tool","test_case","","","","cpcomplianceList7Days","POST请求参数:{'dayNum': 7, 'dayTime': '2023-01-10', 'page': {'currentPage': 1, 'showCount': 15}, 'sqlNames': ['userName', 'patientName', 'deviceId', 'latelTime', 'dayNum']}"
"passed","Tue Jan 10 10:06:09 CST 2023","Tue Jan 10 10:06:10 CST 2023","786","tool","test_case","","","","addtime_asc","POST请求参数:{'addTime': '', 'addTimeMax': '', 'followPatientName': '', 'followType': '', 'doctorName': '', 'orderBy': 'add_time', 'orderByTwo': 'asc', 'page': {'currentPage': 1, 'showCount': 15}}"
"passed","Tue Jan 10 10:07:33 CST 2023","Tue Jan 10 10:07:35 CST 2023","1497","tool","test_case","","","","jggl_orgDoList_add_time_asc","POST请求参数:{'orderBy': 'add_time', 'orderByTwo': 'asc', 'page': {'currentPage': 1, 'showCount': 15}, 'sqlNames': ['addTime']}"
"passed","Tue Jan 10 10:05:09 CST 2023","Tue Jan 10 10:05:14 CST 2023","4801","tool","test_case","","","","updatapwd","重置密码"
"passed","Tue Jan 10 10:04:33 CST 2023","Tue Jan 10 10:04:33 CST 2023","125","tool","test_case","","","","sy_follow","POST请求参数:{'dayTime': '2022-09-27'}"
"passed","Tue Jan 10 10:06:15 CST 2023","Tue Jan 10 10:06:16 CST 2023","791","tool","test_case","","","","sffasongid","POST请求参数:{'addTime': '', 'addTimeMax': '', 'followPatientName': '', 'followType': '2', 'doctorName': '', 'page': {'currentPage': 1, 'showCount': 15}}"
"passed","Tue Jan 10 10:06:06 CST 2023","Tue Jan 10 10:06:06 CST 2023","806","tool","test_case","","","","cpcomplianceList_latelTime","POST请求参数:{'dayNum': 30, 'dayTime': '2023-01-10', 'orderBy': 'latelTime', 'orderByTwo': 'desc', 'page': {'currentPage': 1, 'showCount': 15}, 'sqlNames': ['latelTime']}"
"passed","Tue Jan 10 10:06:03 CST 2023","Tue Jan 10 10:06:04 CST 2023","759","tool","test_case","","","","cpcomplianceList_leak","POST请求参数:{'dayNum': 30, 'dayTime': '2023-01-10', 'orderBy': 'leak', 'orderByTwo': 'desc', 'page': {'currentPage': 1, 'showCount': 15}, 'sqlNames': ['leak']}"
"passed","Tue Jan 10 10:06:41 CST 2023","Tue Jan 10 10:06:42 CST 2023","848","tool","test_case","","","","hxj_search_institutuin_name_asc","POST请求参数:{'deviceNo': '', 'assigned': '', 'orderBy': 'institutuin_name', 'orderByTwo': 'asc', 'page': {'currentPage': 1, 'showCount': 15}, 'sqlNames': ['institutuinName']}"
"passed","Tue Jan 10 10:05:47 CST 2023","Tue Jan 10 10:05:47 CST 2023","746","tool","test_case","","","","cpcomplianceList_user2","POST请求参数:{'dayNum': 30, 'dayTime': '2023-01-10', 'orderBy': 'userId', 'orderByTwo': 'asc', 'page': {'currentPage': 1, 'showCount': 15}, 'sqlNames': ['userId']}"
"passed","Tue Jan 10 10:05:38 CST 2023","Tue Jan 10 10:05:39 CST 2023","693","tool","test_case","","","","hzrz_logsDoList","POST请求参数:{'page': {'currentPage': 1, 'showCount': 15}}"
"passed","Tue Jan 10 10:06:31 CST 2023","Tue Jan 10 10:06:32 CST 2023","797","tool","test_case","","","","ysgl_sendDoctorJoinRequestQuerynew","POST请求参数:{'doctorAccountOrId': '21668478509'}"
"passed","Tue Jan 10 10:06:10 CST 2023","Tue Jan 10 10:06:11 CST 2023","762","tool","test_case","","","","follow_type_asc","POST请求参数:{'addTime': '', 'addTimeMax': '', 'followPatientName': '', 'followType': '', 'doctorName': '', 'orderBy': 'follow_type', 'orderByTwo': 'asc', 'page': {'currentPage': 1, 'showCount': 15}}"
"passed","Tue Jan 10 10:07:17 CST 2023","Tue Jan 10 10:07:18 CST 2023","928","tool","test_case","","","","hcupdateConsumableTime","POST请求参数:{'deviceId': 'GB-2B454382', 'filterTime': '2022-11-06'}"
"passed","Tue Jan 10 10:05:17 CST 2023","Tue Jan 10 10:05:17 CST 2023","346","tool","test_case","","","","hzlb_departmentList","POST请求参数:None"
"passed","Tue Jan 10 10:07:30 CST 2023","Tue Jan 10 10:07:31 CST 2023","1114","tool","test_case","","","","jggl_orgDoList_device_number_desc","POST请求参数:{'orderBy': 'device_number', 'orderByTwo': 'desc', 'page': {'currentPage': 1, 'showCount': 15}, 'sqlNames': ['deviceNumber']}"
"passed","Tue Jan 10 10:05:20 CST 2023","Tue Jan 10 10:05:21 CST 2023","355","tool","test_case","","","","hzlb_sdProgress","POST请求参数:{'deviceIds': 'GB-2B004519#4294967'}"
"passed","Tue Jan 10 10:04:31 CST 2023","Tue Jan 10 10:04:31 CST 2023","139","tool","test_case","","","","sy_listAllUse","POST请求参数:{}"
"passed","Tue Jan 10 10:05:26 CST 2023","Tue Jan 10 10:05:27 CST 2023","374","tool","test_case","","","","hzlb_epapChart","POST请求参数:{'patientId': '31673316294', 'fromDate': '2022-09-22', 'toDate': '2022-09-28'}"
"passed","Tue Jan 10 10:05:50 CST 2023","Tue Jan 10 10:05:50 CST 2023","743","tool","test_case","","","","cpcomplianceList_setupDate2","POST请求参数:{'dayNum': 30, 'dayTime': '2023-01-10', 'orderBy': 'setupDate', 'orderByTwo': 'asc', 'page': {'currentPage': 1, 'showCount': 15}, 'sqlNames': ['setupDate']}"
"passed","Tue Jan 10 10:07:25 CST 2023","Tue Jan 10 10:07:26 CST 2023","1241","tool","test_case","","","","jggl_orgDoList_doctor_number_desc","POST请求参数:{'orderBy': 'doctor_number', 'orderByTwo': 'desc', 'page': {'currentPage': 1, 'showCount': 15}, 'sqlNames': ['doctorNumber']}"
"passed","Tue Jan 10 10:04:32 CST 2023","Tue Jan 10 10:04:33 CST 2023","131","tool","test_case","","","","sy_compliance",""
"passed","Tue Jan 10 10:05:21 CST 2023","Tue Jan 10 10:05:21 CST 2023","358","tool","test_case","","","","hzlb_detail","POST请求参数:{'times': '1673257281', 'deviceId': 'GB-2B317704', 'patientId': '31668735319', 'queryType': 1}"
"passed","Tue Jan 10 10:07:49 CST 2023","Tue Jan 10 10:07:50 CST 2023","1189","tool","test_case","","","","qy_list_add_time_asc","POST请求参数:{'areaName': '', 'orderBy': 'addTime', 'orderByTwo': 'asc', 'page': {'currentPage': 1, 'showCount': 15}}"
"passed","Tue Jan 10 10:05:45 CST 2023","Tue Jan 10 10:05:46 CST 2023","751","tool","test_case","","","","cpcomplianceList_90","POST请求参数:{'dayNum': 90, 'dayTime': '2023-01-10', 'complianceNum': 2, 'page': {'currentPage': 1, 'showCount': 15}, 'sqlNames': ['dayNum']}"
"passed","Tue Jan 10 10:04:36 CST 2023","Tue Jan 10 10:04:37 CST 2023","1522","tool","test_case","","","","userlist_1","POST请求参数:{'patientId': '', 'patientName': '', 'state': '', 'areaPlace': '', 'deviceId': '', 'useDay': '', 'userName': '', 'email': '', 'orderBy': 'addTime', 'orderByTwo': 'desc', 'page': {'currentPage': 1, 'showCount': 15}, 'sqlNames': ['userName', 'patientName', 'lastused', 'lastUsageH', 'deviceId', 'addTime', 'useDay', 'inName', 'userId', 'sex', 'age', 'areaPlace', 'state', 'phone', 'email']}"
"passed","Tue Jan 10 10:05:30 CST 2023","Tue Jan 10 10:05:30 CST 2023","417","tool","test_case","","","","hzlb_vtChartdd","POST请求参数:{'patientId': '31673316294', 'fromDate': '2022-09-28', 'toDate': '2022-09-28'}"
"passed","Tue Jan 10 10:06:46 CST 2023","Tue Jan 10 10:06:47 CST 2023","865","tool","test_case","","","","hxj_search_patient_name_asc","POST请求参数:{'deviceNo': '', 'assigned': '', 'orderBy': 'patient_name', 'orderByTwo': 'asc', 'page': {'currentPage': 1, 'showCount': 15}, 'sqlNames': ['patientName']}"
"passed","Tue Jan 10 10:04:26 CST 2023","Tue Jan 10 10:04:26 CST 2023","122","tool","test_case","","","","sy_logout","POST请求参数:{'userId': '41608015906'}"
"passed","Tue Jan 10 10:05:58 CST 2023","Tue Jan 10 10:05:59 CST 2023","806","tool","test_case","","","","cpcomplianceList_use_num_day","POST请求参数:{'dayNum': 30, 'dayTime': '2023-01-10', 'orderBy': 'use_num_day', 'orderByTwo': 'desc', 'page': {'currentPage': 1, 'showCount': 15}, 'sqlNames': ['use_num_day']}"
"passed","Tue Jan 10 10:05:27 CST 2023","Tue Jan 10 10:05:28 CST 2023","352","tool","test_case","","","","hzlb_rrChartyy","POST请求参数:{'patientId': '31673316294', 'fromDate': '2022-08-22', 'toDate': '2022-09-28'}"
"passed","Tue Jan 10 10:05:19 CST 2023","Tue Jan 10 10:05:20 CST 2023","387","tool","test_case","","","","hzlb_exportTemplateList","POST请求参数:{'setupDate': '', 'setupDateTwo': '', 'startTime': '', 'startTimeTwo': '', 'deviceId': '', 'userId': '', 'limitNum': 20}"
"passed","Tue Jan 10 10:05:21 CST 2023","Tue Jan 10 10:05:22 CST 2023","350","tool","test_case","","","","hzlb_verify","POST请求参数:{'deviceId': 'GB-2B317704', 'sync': 0}"
"passed","Tue Jan 10 10:05:35 CST 2023","Tue Jan 10 10:05:35 CST 2023","358","tool","test_case","","","","hzlb_addTaskDownOld","POST请求参数:[{'userId': '31610415067', 'startTime': '2021-03-10', 'startTimeTwo': '2021-03-16'}]"
"passed","Tue Jan 10 10:05:30 CST 2023","Tue Jan 10 10:05:30 CST 2023","386","tool","test_case","","","","hzlb_epapChartyy","POST请求参数:{'patientId': '31673316294', 'fromDate': '2022-08-22', 'toDate': '2022-09-28'}"
"passed","Tue Jan 10 10:07:22 CST 2023","Tue Jan 10 10:07:23 CST 2023","1191","tool","test_case","","","","jggl_orgDoList_userId_asc","POST请求参数:{'orderBy': 'userId', 'orderByTwo': 'asc', 'page': {'currentPage': 1, 'showCount': 15}, 'sqlNames': ['userId']}"
"passed","Tue Jan 10 10:04:42 CST 2023","Tue Jan 10 10:04:44 CST 2023","1524","tool","test_case","","","","firstNameDESC","POST请求参数:{'orderBy': 'firstName', 'orderByTwo': 'desc', 'page': {'currentPage': 1, 'showCount': 15}, 'sqlNames': ['userName', 'patientName', 'userId', 'sex', 'age', 'areaPlace']}"
"passed","Tue Jan 10 10:04:27 CST 2023","Tue Jan 10 10:04:29 CST 2023","2794","tool","test_case","","","","errorname","POST请求参数:{'changAuthCode': '', 'code': '6nkk', 'password': 'rx123456', 'username': 'shiyan2'}"
"passed","Tue Jan 10 10:05:36 CST 2023","Tue Jan 10 10:05:36 CST 2023","354","tool","test_case","","","","hzlb_addTaskDown","POST请求参数:{'deviceId': 'GB-H2001044', 'days': '6', 'limitNum': 0, 'reportRowsNum': 2}"
"passed","Tue Jan 10 10:07:29 CST 2023","Tue Jan 10 10:07:30 CST 2023","1127","tool","test_case","","","","jggl_orgDoList_patient_name_asc","POST请求参数:{'orderBy': 'patient_name', 'orderByTwo': 'asc', 'page': {'currentPage': 1, 'showCount': 15}, 'sqlNames': ['patientNumber']}"
"passed","Tue Jan 10 10:06:52 CST 2023","Tue Jan 10 10:06:53 CST 2023","848","tool","test_case","","","","hxjinstitutionList","POST请求参数:{'userId': 41608015906}"
"passed","Tue Jan 10 10:06:26 CST 2023","Tue Jan 10 10:06:27 CST 2023","810","tool","test_case","","","","getdoctorinfo","POST请求参数:{'page': {'currentPage': 1, 'showCount': 15}}"
"passed","Tue Jan 10 10:08:11 CST 2023","Tue Jan 10 10:08:12 CST 2023","1227","tool","test_case","","","","rydeletestaff","删除人员"
"passed","Tue Jan 10 10:04:26 CST 2023","Tue Jan 10 10:04:26 CST 2023","106","tool","test_case","","","","zc_sendEmailCode1","POST请求参数:{'typeNum': 1, 'pwdType': 1, 'toAddress': 'xianrong.song@resvent.com'}"
"passed","Tue Jan 10 10:06:48 CST 2023","Tue Jan 10 10:06:49 CST 2023","1427","tool","test_case","","","","hxj_search_add_time_asc","POST请求参数:{'deviceNo': '', 'assigned': '', 'orderBy': 'add_time', 'orderByTwo': 'asc', 'page': {'currentPage': 1, 'showCount': 15}, 'sqlNames': ['addTime']}"
"passed","Tue Jan 10 10:07:57 CST 2023","Tue Jan 10 10:07:59 CST 2023","1174","tool","test_case","","","","listAllUse","POST请求参数:None"
"passed","Tue Jan 10 10:06:08 CST 2023","Tue Jan 10 10:06:09 CST 2023","805","tool","test_case","","","","addtime_desc","POST请求参数:{'addTime': '', 'addTimeMax': '', 'followPatientName': '', 'followType': '', 'doctorName': '', 'orderBy': 'add_time', 'orderByTwo': 'desc', 'page': {'currentPage': 1, 'showCount': 15}}"
"passed","Tue Jan 10 10:05:24 CST 2023","Tue Jan 10 10:05:24 CST 2023","362","tool","test_case","","","","hzlb_rrChart","POST请求参数:{'patientId': '31673316294', 'fromDate': '2022-09-22', 'toDate': '2022-09-28'}"
"passed","Tue Jan 10 10:05:42 CST 2023","Tue Jan 10 10:05:43 CST 2023","800","tool","test_case","","","","cpcomplianceList","POST请求参数:{'dayNum': '30', 'dayTime': '2023-01-10', 'page': {'currentPage': 1, 'showCount': 15}, 'sqlNames': ['userName', 'patientName', 'deviceId', 'latelTime', 'dayNum']}"
"passed","Tue Jan 10 10:06:57 CST 2023","Tue Jan 10 10:06:58 CST 2023","971","tool","test_case","","","","hc_consumableList_filterTime_desc","POST请求参数:{'orderBy': 'filterTime', 'orderByTwo': 'desc', 'page': {'currentPage': 1, 'showCount': 15}}"
"passed","Tue Jan 10 10:07:38 CST 2023","Tue Jan 10 10:07:39 CST 2023","1140","tool","test_case","","","","jsgetroleID","POST请求参数:{'roleName': '', 'orderBy': '', 'orderByTwo': '', 'page': {'currentPage': 1, 'showCount': 15}}"
"passed","Tue Jan 10 10:05:25 CST 2023","Tue Jan 10 10:05:25 CST 2023","377","tool","test_case","","","","hzlb_patientReportShow","POST请求参数:{'patientId': '31673316294', 'fromDate': '2022-09-22', 'toDate': '2022-09-28'}"
"passed","Tue Jan 10 10:04:34 CST 2023","Tue Jan 10 10:04:35 CST 2023","588","tool","test_case","","","","sy_hqhzid","POST请求参数:{'patientId': '', 'patientName': '', 'page': {'currentPage': 1, 'showCount': 15}, 'sqlNames': ['userName']}"
"passed","Tue Jan 10 10:04:33 CST 2023","Tue Jan 10 10:04:34 CST 2023","462","tool","test_case","","","","sy_selAllRoleAndArea","POST请求参数:{}"
"passed","Tue Jan 10 10:05:23 CST 2023","Tue Jan 10 10:05:24 CST 2023","367","tool","test_case","","","","hzlb_vtChart","POST请求参数:{'patientId': '31673316294', 'fromDate': '2022-09-22', 'toDate': '2022-09-28'}"
"passed","Tue Jan 10 10:08:07 CST 2023","Tue Jan 10 10:08:09 CST 2023","1196","tool","test_case","","","","rygetstaffid","POST请求参数:{'firsName': '', 'userName': '', 'roleName': '', 'orderBy': 'add_time', 'orderByTwo': 'desc', 'page': {'currentPage': 1, 'showCount': 15}}"
"passed","Tue Jan 10 10:05:21 CST 2023","Tue Jan 10 10:05:21 CST 2023","375","tool","test_case","","","","hzlb_detailxq","POST请求参数:{'times': '1673257281', 'deviceId': 'GB-2B317704', 'patientId': '31668735319', 'queryType': 0}"
"passed","Tue Jan 10 10:07:03 CST 2023","Tue Jan 10 10:07:04 CST 2023","918","tool","test_case","","","","hc_consumableList_venturiMaskTime_desc","POST请求参数:{'orderBy': 'venturiMaskTime', 'orderByTwo': 'desc', 'page': {'currentPage': 1, 'showCount': 15}}"
"passed","Tue Jan 10 10:06:07 CST 2023","Tue Jan 10 10:06:08 CST 2023","801","tool","test_case","","","","sfselListAllFollowManage","POST请求参数:{'addTime': '2020-01-01', 'addTimeMax': '2022-10-10', 'followPatientName': 'o', 'followType': '1', 'doctorName': 's', 'page': {'currentPage': 1, 'showCount': 15}}"
"passed","Tue Jan 10 10:05:56 CST 2023","Tue Jan 10 10:05:57 CST 2023","782","tool","test_case","","","","cpcomplianceList_deviceId2","POST请求参数:{'dayNum': 30, 'dayTime': '2023-01-10', 'orderBy': 'deviceId', 'orderByTwo': 'asc', 'page': {'currentPage': 1, 'showCount': 15}, 'sqlNames': ['deviceId']}"
"passed","Tue Jan 10 10:04:35 CST 2023","Tue Jan 10 10:04:36 CST 2023","429","tool","test_case","","","","hzlb_institutions",""
"passed","Tue Jan 10 10:08:02 CST 2023","Tue Jan 10 10:08:03 CST 2023","1196","tool","test_case","","","","ry_stafflist_area_name_asc","POST请求参数:{'firsName': '', 'userName': '', 'roleName': '', 'orderBy': 'area_name', 'orderByTwo': 'asc', 'page': {'currentPage': 1, 'showCount': 15}}"
"passed","Tue Jan 10 10:06:04 CST 2023","Tue Jan 10 10:06:06 CST 2023","1787","tool","test_case","","","","cpcomplianceList_leak2","POST请求参数:{'dayNum': 30, 'dayTime': '2023-01-10', 'orderBy': 'leak', 'orderByTwo': 'asc', 'page': {'currentPage': 1, 'showCount': 15}, 'sqlNames': ['leak']}"
"passed","Tue Jan 10 10:06:32 CST 2023","Tue Jan 10 10:06:33 CST 2023","796","tool","test_case","","","","ysgl_sendDoctorJoinRequestnew","POST请求参数:{'invitationDoctorId': '21668478509'}"
"passed","Tue Jan 10 10:07:05 CST 2023","Tue Jan 10 10:07:06 CST 2023","931","tool","test_case","","","","hc_consumableList_resistanceBandTime_desc","POST请求参数:{'orderBy': 'resistanceBandTime', 'orderByTwo': 'desc', 'page': {'currentPage': 1, 'showCount': 15}}"
"passed","Tue Jan 10 10:06:00 CST 2023","Tue Jan 10 10:06:01 CST 2023","840","tool","test_case","","","","cpcomplianceList_valid_num_day","POST请求参数:{'dayNum': 30, 'dayTime': '2023-01-10', 'orderBy': 'valid_num_day', 'orderByTwo': 'desc', 'page': {'currentPage': 1, 'showCount': 15}, 'sqlNames': ['valid_num_day']}"
"passed","Tue Jan 10 10:05:28 CST 2023","Tue Jan 10 10:05:28 CST 2023","356","tool","test_case","","","","hzlb_prAllyy","POST请求参数:{'patientId': '31673316294', 'fromDate': '2022-08-22', 'toDate': '2022-09-28'}"
"passed","Tue Jan 10 10:04:34 CST 2023","Tue Jan 10 10:04:34 CST 2023","123","tool","test_case","","","","sy_shiqu",""
"passed","Tue Jan 10 10:06:30 CST 2023","Tue Jan 10 10:06:31 CST 2023","816","tool","test_case","","","","ysgl_sendDoctorJoinRequest","POST请求参数:{'invitationDoctorId': '21654152073'}"
"passed","Tue Jan 10 10:06:25 CST 2023","Tue Jan 10 10:06:26 CST 2023","805","tool","test_case","","","","newdoctor","POST请求参数:{'sta': 'add', 'ts': 'ts', 'institutionId': '41608015906', 'userName': 'xinzengyisheng', 'firstName': '萨芬', 'lastName': '医生', 'organType': 'Sleep Lab', 'jobtitle': '小小', 'beGoodAt': '检查', 'briefIntroduction': '喜欢运动ya，热爱生活', 'exclusiveService': '心有灵犀', 'email': 'qw2e@we.fd', 'cellPhone': 13123271212, 'phone': 131232312312, 'country': 'Andorra', 'timeZone': 'Europe/Andorra', 'state': 'lingzhi', 'city': 'tianhe', 'street': 'fansheng', 'postalCode': '11212231312', 'delName': '医生'}"
"passed","Tue Jan 10 10:04:40 CST 2023","Tue Jan 10 10:04:41 CST 2023","879","tool","test_case","","","","patientId_DESC","POST请求参数:{'orderBy': 'patientId', 'orderByTwo': 'desc', 'page': {'currentPage': 1, 'showCount': 15}, 'sqlNames': ['userName', 'userId', 'sex', 'age', 'areaPlace', 'doctorName', 'type']}"
"passed","Tue Jan 10 10:06:58 CST 2023","Tue Jan 10 10:06:59 CST 2023","937","tool","test_case","","","","hc_consumableList_filterTime_asc","POST请求参数:{'orderBy': 'filterTime', 'orderByTwo': 'asc', 'page': {'currentPage': 1, 'showCount': 15}}"
"passed","Tue Jan 10 10:04:41 CST 2023","Tue Jan 10 10:04:42 CST 2023","865","tool","test_case","","","","patientIdASC","POST请求参数:{'orderBy': 'patientId', 'orderByTwo': 'asc', 'page': {'currentPage': 1, 'showCount': 15}, 'sqlNames': ['userName', 'userId', 'sex', 'age', 'areaPlace', 'doctorName', 'type']}"
"passed","Tue Jan 10 10:04:48 CST 2023","Tue Jan 10 10:04:51 CST 2023","2420","tool","test_case","","","","addTimeASC","POST请求参数:{'orderBy': 'addTime', 'orderByTwo': 'asc', 'page': {'currentPage': 1, 'showCount': 15}, 'sqlNames': ['userName', 'addTime', 'useDay', 'inName', 'userId', 'type', 'phone', 'email']}"
"passed","Tue Jan 10 10:07:37 CST 2023","Tue Jan 10 10:07:38 CST 2023","1192","tool","test_case","","","","jsnewrole","POST请求参数:{'roleName': 'bianjijues', 'roleDesc': '1s3sdwwsd1', 'authorityInfoVos': [{'id': 2, 'authorityName': '业务中心', 'parentId': 1, 'authorizingUrl': 'serviceCenter', 'isSelected': True, 'level': 2, 'authGroup': None, 'operates': None, 'subAuthoritys': [{'id': 27, 'authorityName': '依从性管理', 'parentId': 2, 'authorizingUrl': 'compliance', 'isSelected': True, 'level': 3, 'authGroup': None, 'operates': None, 'subAuthoritys': [{'id': 28, 'authorityName': '患者列表', 'parentId': 27, 'authorizingUrl': 'patient', 'isSelected': True, 'level': 4, 'authGroup': '1,2,3,4,7,8,9,10,11,12,19', 'operates': [{'authId': 1, 'authName': 'menu_auth_create', 'authRemark': '新增', 'isSelected': True}, {'authId': 2, 'authName': 'menu_auth_delete', 'authRemark': '删除', 'isSelected': True}, {'authId': 3, 'authName': 'menu_auth_update', 'authRemark': '编辑', 'isSelected': True}, {'authId': 4, 'authName': 'menu_auth_select', 'authRemark': '查看', 'isSelected': True}, {'authId': 8, 'authName': 'menu_auth_untie', 'authRemark': '解绑', 'isSelected': True}, {'authId': 9, 'authName': 'menu_auth_prescription', 'authRemark': '处方', 'isSelected': True}, {'authId': 10, 'authName': 'menu_auth_health', 'authRemark': '健康履历', 'isSelected': True}, {'authId': 11, 'authName': 'menu_auth_send_msg', 'authRemark': '发送消息', 'isSelected': True}], 'subAuthoritys': None}, {'id': 60, 'authorityName': '数据上传', 'parentId': 27, 'authorizingUrl': 'dataUpload', 'isSelected': True, 'level': 4, 'authGroup': '4,7', 'operates': [{'authId': 4, 'authName': 'menu_auth_select', 'authRemark': '查看', 'isSelected': True}, {'authId': 7, 'authName': 'menu_auth_upload_undo', 'authRemark': '上传/撤消', 'isSelected': True}], 'subAuthoritys': None}, {'id': 57, 'authorityName': 'R-Track', 'parentId': 27, 'authorizingUrl': 'userRtrack', 'isSelected': True, 'level': 4, 'authGroup': '4', 'operates': [{'authId': 4, 'authName': 'menu_auth_select', 'authRemark': '查看', 'isSelected': True}], 'subAuthoritys': None}, {'id': 52, 'authorityName': '依从性列表', 'parentId': 27, 'authorizingUrl': 'complianceList', 'isSelected': True, 'level': 4, 'authGroup': '4,7,12', 'operates': [{'authId': 12, 'authName': 'menu_auth_report', 'authRemark': '报告', 'isSelected': True}], 'subAuthoritys': None}, {'id': 53, 'authorityName': '随访管理', 'parentId': 27, 'authorizingUrl': 'followUpManagement', 'isSelected': True, 'level': 4, 'authGroup': '1,2,3,4,11', 'operates': [{'authId': 4, 'authName': 'menu_auth_select', 'authRemark': '查看', 'isSelected': True}], 'subAuthoritys': None}, {'id': 32, 'authorityName': '患者日志', 'parentId': 27, 'authorizingUrl': 'patientLog', 'isSelected': True, 'level': 4, 'authGroup': '4', 'operates': [{'authId': 4, 'authName': 'menu_auth_select', 'authRemark': '查看', 'isSelected': True}], 'subAuthoritys': None}]}, {'id': 33, 'authorityName': '医生管理', 'parentId': 2, 'authorizingUrl': 'doctorManagement', 'isSelected': True, 'level': 3, 'authGroup': None, 'operates': None, 'subAuthoritys': [{'id': 34, 'authorityName': '医生列表', 'parentId': 33, 'authorizingUrl': 'doctorList', 'isSelected': True, 'level': 4, 'authGroup': '1,2,3,4,19', 'operates': [{'authId': 1, 'authName': 'menu_auth_create', 'authRemark': '新增', 'isSelected': True}, {'authId': 2, 'authName': 'menu_auth_delete', 'authRemark': '删除', 'isSelected': True}, {'authId': 3, 'authName': 'menu_auth_update', 'authRemark': '编辑', 'isSelected': True}, {'authId': 4, 'authName': 'menu_auth_select', 'authRemark': '查看', 'isSelected': True}, {'authId': 19, 'authName': 'menu_auth_export', 'authRemark': '导出', 'isSelected': True}], 'subAuthoritys': None}]}, {'id': 61, 'authorityName': '帮助', 'parentId': 2, 'authorizingUrl': 'help', 'isSelected': True, 'level': 3, 'authGroup': '4', 'operates': [{'authId': 4, 'authName': 'menu_auth_select', 'authRemark': '查看', 'isSelected': True}], 'subAuthoritys': []}]}, {'id': 4, 'authorityName': '管理中心', 'parentId': 1, 'authorizingUrl': 'manageCenter', 'isSelected': True, 'level': 2, 'authGroup': None, 'operates': None, 'subAuthoritys': [{'id': 6, 'authorityName': '设备管理', 'parentId': 4, 'authorizingUrl': 'device', 'isSelected': True, 'level': 3, 'authGroup': None, 'operates': None, 'subAuthoritys': [{'id': 13, 'authorityName': '呼吸机', 'parentId': 6, 'authorizingUrl': 'ventilator', 'isSelected': True, 'level': 4, 'authGroup': '1,2,3,4,5,19', 'operates': [{'authId': 1, 'authName': 'menu_auth_create', 'authRemark': '新增', 'isSelected': True}, {'authId': 2, 'authName': 'menu_auth_delete', 'authRemark': '删除', 'isSelected': True}, {'authId': 3, 'authName': 'menu_auth_update', 'authRemark': '编辑', 'isSelected': True}, {'authId': 4, 'authName': 'menu_auth_select', 'authRemark': '查看', 'isSelected': True}, {'authId': 5, 'authName': 'menu_auth_allot', 'authRemark': '分配', 'isSelected': True}, {'authId': 19, 'authName': 'menu_auth_export', 'authRemark': '导出', 'isSelected': True}], 'subAuthoritys': None}, {'id': 59, 'authorityName': '耗材列表', 'parentId': 6, 'authorizingUrl': 'consumablesList', 'isSelected': True, 'level': 4, 'authGroup': '3,4,22', 'operates': [{'authId': 3, 'authName': 'menu_auth_update', 'authRemark': '编辑', 'isSelected': True}, {'authId': 4, 'authName': 'menu_auth_select', 'authRemark': '查看', 'isSelected': True}], 'subAuthoritys': None}]}, {'id': 24, 'authorityName': '机构管理', 'parentId': 4, 'authorizingUrl': 'institutionManagement', 'isSelected': True, 'level': 3, 'authGroup': None, 'operates': None, 'subAuthoritys': [{'id': 31, 'authorityName': '机构管理', 'parentId': 24, 'authorizingUrl': 'dealerManage', 'isSelected': True, 'level': 4, 'authGroup': '1,2,3,4,17,19', 'operates': [{'authId': 1, 'authName': 'menu_auth_create', 'authRemark': '新增', 'isSelected': True}, {'authId': 2, 'authName': 'menu_auth_delete', 'authRemark': '删除', 'isSelected': True}, {'authId': 3, 'authName': 'menu_auth_update', 'authRemark': '编辑', 'isSelected': True}, {'authId': 4, 'authName': 'menu_auth_select', 'authRemark': '查看', 'isSelected': True}, {'authId': 17, 'authName': 'menu_auth_maintain', 'authRemark': '维护', 'isSelected': True}, {'authId': 19, 'authName': 'menu_auth_export', 'authRemark': '导出', 'isSelected': True}], 'subAuthoritys': None}]}, {'id': 37, 'authorityName': '权限管理', 'parentId': 4, 'authorizingUrl': 'jurisdictionManagement', 'isSelected': True, 'level': 3, 'authGroup': None, 'operates': None, 'subAuthoritys': [{'id': 39, 'authorityName': '角色管理', 'parentId': 37, 'authorizingUrl': 'roleManagement', 'isSelected': True, 'level': 4, 'authGroup': '1,2,3,4', 'operates': [{'authId': 1, 'authName': 'menu_auth_create', 'authRemark': '新增', 'isSelected': True}, {'authId': 2, 'authName': 'menu_auth_delete', 'authRemark': '删除', 'isSelected': True}, {'authId': 3, 'authName': 'menu_auth_update', 'authRemark': '编辑', 'isSelected': True}, {'authId': 4, 'authName': 'menu_auth_select', 'authRemark': '查看', 'isSelected': True}], 'subAuthoritys': None}, {'id': 40, 'authorityName': '区域管理', 'parentId': 37, 'authorizingUrl': 'areaManagement', 'isSelected': True, 'level': 4, 'authGroup': '1,2,3,4,19', 'operates': [{'authId': 1, 'authName': 'menu_auth_create', 'authRemark': '新增', 'isSelected': True}, {'authId': 2, 'authName': 'menu_auth_delete', 'authRemark': '删除', 'isSelected': True}, {'authId': 3, 'authName': 'menu_auth_update', 'authRemark': '编辑', 'isSelected': True}, {'authId': 4, 'authName': 'menu_auth_select', 'authRemark': '查看', 'isSelected': True}, {'authId': 19, 'authName': 'menu_auth_export', 'authRemark': '导出', 'isSelected': True}], 'subAuthoritys': None}, {'id': 38, 'authorityName': '人员管理', 'parentId': 37, 'authorizingUrl': 'staffManagement', 'isSelected': True, 'level': 4, 'authGroup': '1,2,3,4,14,19', 'operates': [{'authId': 1, 'authName': 'menu_auth_create', 'authRemark': '新增', 'isSelected': True}, {'authId': 2, 'authName': 'menu_auth_delete', 'authRemark': '删除', 'isSelected': True}, {'authId': 3, 'authName': 'menu_auth_update', 'authRemark': '编辑', 'isSelected': True}, {'authId': 4, 'authName': 'menu_auth_select', 'authRemark': '查看', 'isSelected': True}, {'authId': 14, 'authName': 'menu_auth_state', 'authRemark': '状态', 'isSelected': True}, {'authId': 19, 'authName': 'menu_auth_export', 'authRemark': '导出', 'isSelected': True}], 'subAuthoritys': None}]}, {'id': 55, 'authorityName': '用户管理', 'parentId': 4, 'authorizingUrl': 'userManagement', 'isSelected': True, 'level': 3, 'authGroup': None, 'operates': None, 'subAuthoritys': [{'id': 56, 'authorityName': '用户列表', 'parentId': 55, 'authorizingUrl': 'userManagementList', 'isSelected': True, 'level': 4, 'authGroup': '3,11,14,19', 'operates': [{'authId': 3, 'authName': 'menu_auth_update', 'authRemark': '编辑', 'isSelected': True}, {'authId': 11, 'authName': 'menu_auth_send_msg', 'authRemark': '发送消息', 'isSelected': True}, {'authId': 14, 'authName': 'menu_auth_state', 'authRemark': '状态', 'isSelected': True}, {'authId': 19, 'authName': 'menu_auth_export', 'authRemark': '导出', 'isSelected': True}], 'subAuthoritys': None}]}]}], 'roleId': 0}"
"passed","Tue Jan 10 10:05:33 CST 2023","Tue Jan 10 10:05:33 CST 2023","363","tool","test_case","","","","hzlb_preview","POST请求参数:{'deviceId': None, 'fromDate': '2022-12-30', 'toDate': '2023-01-05', 'patientId': '31673316294', 'pageType': 'B', 'dayAddition': '', 'reportType': 'ctr', 'isMonth': False, 'isWeek': False}"
"passed","Tue Jan 10 10:05:33 CST 2023","Tue Jan 10 10:05:34 CST 2023","440","tool","test_case","","","","hzlb_getUserDownList","POST请求参数:{'page': {'currentPage': 1, 'showCount': 10}}"
"passed","Tue Jan 10 10:04:26 CST 2023","Tue Jan 10 10:04:26 CST 2023","355","tool","test_case","","","","zc_phoneEmail","POST请求参数:{'email': 'xianrong.song@resvent.com'}"
"passed","Tue Jan 10 10:06:37 CST 2023","Tue Jan 10 10:06:38 CST 2023","1254","tool","test_case","","","","hxj_search_device_id_asc","POST请求参数:{'deviceNo': '', 'assigned': '', 'orderBy': 'device_id', 'orderByTwo': 'asc', 'page': {'currentPage': 1, 'showCount': 15}, 'sqlNames': ['deviceId']}"
"passed","Tue Jan 10 10:06:35 CST 2023","Tue Jan 10 10:06:36 CST 2023","876","tool","test_case","","","","hxjsearch","POST请求参数:{'institutionId': '', 'deviceNo': '', 'deviceType': '', 'deviceVersion': '', 'assigned': '', 'netType': '', 'expireDateStartTime': '', 'expireDateEndTime': '', 'lifecycle': '', 'areaPlace': '', 'state': '', 'patientName': '', 'doctorName': '', 'page': {'currentPage': 1, 'showCount': 15}, 'sqlNames': ['type']}"
"passed","Tue Jan 10 10:06:01 CST 2023","Tue Jan 10 10:06:02 CST 2023","849","tool","test_case","","","","cpcomplianceList_ahi","POST请求参数:{'dayNum': 30, 'dayTime': '2023-01-10', 'orderBy': 'ahi', 'orderByTwo': 'desc', 'page': {'currentPage': 1, 'showCount': 15}, 'sqlNames': ['ahi']}"
"passed","Tue Jan 10 10:06:13 CST 2023","Tue Jan 10 10:06:14 CST 2023","779","tool","test_case","","","","newfollow","POST请求参数:{'isSeng': 0, 'followDesc': '新增随访记录', 'followType': '1', 'followManageVo': [{'followPatientId': '31673072638', 'followPatientName': '举贤'}]}"
"passed","Tue Jan 10 10:08:15 CST 2023","Tue Jan 10 10:08:16 CST 2023","1224","tool","test_case","","","","usersearch","POST请求参数:{'type': 2, 'name': '', 'svn': '', 'status': 2, 'page': {'showCount': 15, 'currentPage': 1}}"
"passed","Tue Jan 10 10:05:16 CST 2023","Tue Jan 10 10:05:17 CST 2023","352","tool","test_case","","","","hzlb_insListListAll","POST请求参数:{'page': {'currentPage': 1, 'showCount': 15}}"
"passed","Tue Jan 10 10:08:03 CST 2023","Tue Jan 10 10:08:05 CST 2023","1237","tool","test_case","","","","ry_stafflist_add_time_desc","POST请求参数:{'firsName': '', 'userName': '', 'roleName': '', 'orderBy': 'add_time', 'orderByTwo': 'desc', 'page': {'currentPage': 1, 'showCount': 15}}"
"passed","Tue Jan 10 10:06:35 CST 2023","Tue Jan 10 10:06:35 CST 2023","783","tool","test_case","","","","ysdoctordelete","POST请求参数:{'userId': '21673316386', 'delName': '医生'}"
"passed","Tue Jan 10 10:07:31 CST 2023","Tue Jan 10 10:07:32 CST 2023","1083","tool","test_case","","","","jggl_orgDoList_device_number_asc","POST请求参数:{'orderBy': 'device_number', 'orderByTwo': 'asc', 'page': {'currentPage': 1, 'showCount': 15}, 'sqlNames': ['deviceNumber']}"
"passed","Tue Jan 10 10:04:53 CST 2023","Tue Jan 10 10:04:53 CST 2023","501","tool","test_case","","","","newp_doctor","POST请求参数:{'institutionId': 41608015906}"
"passed","Tue Jan 10 10:07:56 CST 2023","Tue Jan 10 10:07:57 CST 2023","1157","tool","test_case","","","","deviceType","POST请求参数:None"
"passed","Tue Jan 10 10:06:36 CST 2023","Tue Jan 10 10:06:37 CST 2023","854","tool","test_case","","","","hxj_search_device_id_desc","POST请求参数:{'deviceNo': '', 'assigned': '', 'orderBy': 'device_id', 'orderByTwo': 'desc', 'page': {'currentPage': 1, 'showCount': 15}, 'sqlNames': ['deviceId']}"
"passed","Tue Jan 10 10:06:54 CST 2023","Tue Jan 10 10:06:55 CST 2023","865","tool","test_case","","","","hxjsbsearch","POST请求参数:{'type': 2, 'name': '', 'svn': '', 'status': 2, 'page': {'showCount': 15, 'currentPage': 1}}"
"passed","Tue Jan 10 10:06:50 CST 2023","Tue Jan 10 10:06:51 CST 2023","858","tool","test_case","","","","hxjdeviceType","POST请求参数:{}"
"passed","Tue Jan 10 10:07:21 CST 2023","Tue Jan 10 10:07:22 CST 2023","1071","tool","test_case","","","","jggl_orgDoList_userId_desc","POST请求参数:{'orderBy': 'userId', 'orderByTwo': 'desc', 'page': {'currentPage': 1, 'showCount': 15}, 'sqlNames': ['userId']}"
"passed","Tue Jan 10 10:04:31 CST 2023","Tue Jan 10 10:04:31 CST 2023","301","tool","test_case","","","","authority","POST请求参数:{}"
"passed","Tue Jan 10 10:05:36 CST 2023","Tue Jan 10 10:05:36 CST 2023","387","tool","test_case","","","","deleteuser","POST请求参数:{'userId': '31673316294', 'delName': '患者'}"
"passed","Tue Jan 10 10:07:00 CST 2023","Tue Jan 10 10:07:01 CST 2023","944","tool","test_case","","","","hc_consumableList_tubeTime_asc","POST请求参数:{'orderBy': 'tubeTime', 'orderByTwo': 'asc', 'page': {'currentPage': 1, 'showCount': 15}}"
"passed","Tue Jan 10 10:05:54 CST 2023","Tue Jan 10 10:05:55 CST 2023","767","tool","test_case","","","","cpcomplianceList_type2","POST请求参数:{'dayNum': 30, 'dayTime': '2023-01-10', 'orderBy': 'type', 'orderByTwo': 'asc', 'page': {'currentPage': 1, 'showCount': 15}, 'sqlNames': ['type']}"
"passed","Tue Jan 10 10:04:30 CST 2023","Tue Jan 10 10:04:30 CST 2023","274","tool","test_case","","","","errorpwd","POST请求参数:{'changAuthCode': '', 'code': '6nkk', 'password': 'rx1234567', 'username': 'shiyan'}"
"passed","Tue Jan 10 10:06:23 CST 2023","Tue Jan 10 10:06:24 CST 2023","800","tool","test_case","","","","yslb_jobtitle_desc","POST请求参数:{'orderBy': 'jobtitle', 'orderByTwo': 'desc', 'page': {'currentPage': 1, 'showCount': 15}}"
"passed","Tue Jan 10 10:07:50 CST 2023","Tue Jan 10 10:07:52 CST 2023","1175","tool","test_case","","","","qyeditregion","POST请求参数:{'areaDesc': '23c4a3234', 'areaName': '3c4a234', 'id': 1097}"
"passed","Tue Jan 10 10:08:05 CST 2023","Tue Jan 10 10:08:06 CST 2023","1629","tool","test_case","","","","ry_stafflist_add_time_asc","POST请求参数:{'firsName': '', 'userName': '', 'roleName': '', 'orderBy': 'add_time', 'orderByTwo': 'asc', 'page': {'currentPage': 1, 'showCount': 15}}"
"passed","Tue Jan 10 10:04:53 CST 2023","Tue Jan 10 10:05:03 CST 2023","9754","tool","test_case","","","","newuser","POST请求参数:{'userName': 'newhuanz', 'password': 'huanz123', 'firstName': 'huan', 'lastName': '者', 'sex': 'Female', 'birth': '2000-01-01', 'age': 22, 'setupDate': '2022-12-30', 'phone': '1316768687456856', 'cellPhone': '188192929292992', 'email': '2432352@qq.com', 'confirmMethod': 'email', 'confirmTime': '2023-01-10', 'deviceId': '', 'type': '', 'timeZone': 'America/Adak', 'country': 'United States', 'institutionId': 41608015906, 'privacy_status': '', 'treatingDoctorId': '', 'height': 166, 'weight': '66', 'title': 'MS', 'bz': '666', 'street': '666', 'maskType': 'FullFace', 'checkMedical': '1d-', 'insuranceCompany': '6666', 'polictNumber': '6666', 'payer': '6666', 'doctorDataList': [{'id': None, 'addTime': None, 'patientId': None, 'doctorId': 21645527321, 'institutionId': None, 'doctorType': '1', 'isInsCreate': True, 'isInsDel': None, 'doctorNameZh': '测试0055测试0055', 'doctorNameEn': '测试0055 测试0055', 'doctorUsername': '测试0055'}], 'inName': 'shiyan', 'institutuinId': 41608015906, 'institutionName': 'shiyan', 'userType': 1}"
"passed","Tue Jan 10 10:04:34 CST 2023","Tue Jan 10 10:04:34 CST 2023","158","tool","test_case","","","","sy_grxxxg","POST请求参数:{'userName': 'shiyan', 'firstName': 'shi', 'lastName': 'yan', 'institutionName': 'shiyan', 'phone': '159141152241', 'email': '2454254125@qq.com', 'fax': '159141152241', 'country': 'United States', 'state': 'guangdong', 'city': 'shenzhen', 'street': 'Room-601 & 602, Building B&C,', 'postalCode': '510520', 'timeZone': 'America/Adak', 'file': ''}"
"passed","Tue Jan 10 10:07:04 CST 2023","Tue Jan 10 10:07:05 CST 2023","925","tool","test_case","","","","hc_consumableList_venturiMaskTime_asc","POST请求参数:{'orderBy': 'venturiMaskTime', 'orderByTwo': 'asc', 'page': {'currentPage': 1, 'showCount': 15}}"
"passed","Tue Jan 10 10:07:52 CST 2023","Tue Jan 10 10:07:53 CST 2023","1140","tool","test_case","","","","qydeleteregion","删除区域"
"passed","Tue Jan 10 10:05:40 CST 2023","Tue Jan 10 10:05:41 CST 2023","688","tool","test_case","","","","hzrz_logsDoList2","POST请求参数:{'userName': '1', 'firstName': '1', 'institutuinId': '', 'dates': ['2023-01-05', '2023-01-05'], 'page': {'currentPage': 1, 'showCount': 15}}"
"passed","Tue Jan 10 10:07:42 CST 2023","Tue Jan 10 10:07:43 CST 2023","1203","tool","test_case","","","","jseditrole","POST请求参数:{'roleName': 'bianjijues333', 'roleDesc': '1s3sdwwsd1', 'authorityInfoVos': [{'id': 2, 'authorityName': '业务中心', 'parentId': 1, 'authorizingUrl': 'serviceCenter', 'isSelected': True, 'level': 2, 'authGroup': None, 'operates': None, 'subAuthoritys': [{'id': 27, 'authorityName': '依从性管理', 'parentId': 2, 'authorizingUrl': 'compliance', 'isSelected': True, 'level': 3, 'authGroup': None, 'operates': None, 'subAuthoritys': [{'id': 28, 'authorityName': '患者列表', 'parentId': 27, 'authorizingUrl': 'patient', 'isSelected': True, 'level': 4, 'authGroup': '1,2,3,4,7,8,9,10,11,12,19', 'operates': [{'authId': 1, 'authName': 'menu_auth_create', 'authRemark': '新增', 'isSelected': True}, {'authId': 2, 'authName': 'menu_auth_delete', 'authRemark': '删除', 'isSelected': True}, {'authId': 3, 'authName': 'menu_auth_update', 'authRemark': '编辑', 'isSelected': True}, {'authId': 4, 'authName': 'menu_auth_select', 'authRemark': '查看', 'isSelected': True}, {'authId': 8, 'authName': 'menu_auth_untie', 'authRemark': '解绑', 'isSelected': True}, {'authId': 9, 'authName': 'menu_auth_prescription', 'authRemark': '处方', 'isSelected': True}, {'authId': 10, 'authName': 'menu_auth_health', 'authRemark': '健康履历', 'isSelected': True}, {'authId': 11, 'authName': 'menu_auth_send_msg', 'authRemark': '发送消息', 'isSelected': True}], 'subAuthoritys': None}, {'id': 60, 'authorityName': '数据上传', 'parentId': 27, 'authorizingUrl': 'dataUpload', 'isSelected': True, 'level': 4, 'authGroup': '4,7', 'operates': [{'authId': 4, 'authName': 'menu_auth_select', 'authRemark': '查看', 'isSelected': True}, {'authId': 7, 'authName': 'menu_auth_upload_undo', 'authRemark': '上传/撤消', 'isSelected': True}], 'subAuthoritys': None}, {'id': 57, 'authorityName': 'R-Track', 'parentId': 27, 'authorizingUrl': 'userRtrack', 'isSelected': True, 'level': 4, 'authGroup': '4', 'operates': [{'authId': 4, 'authName': 'menu_auth_select', 'authRemark': '查看', 'isSelected': True}], 'subAuthoritys': None}, {'id': 52, 'authorityName': '依从性列表', 'parentId': 27, 'authorizingUrl': 'complianceList', 'isSelected': True, 'level': 4, 'authGroup': '4,7,12', 'operates': [{'authId': 12, 'authName': 'menu_auth_report', 'authRemark': '报告', 'isSelected': True}], 'subAuthoritys': None}, {'id': 53, 'authorityName': '随访管理', 'parentId': 27, 'authorizingUrl': 'followUpManagement', 'isSelected': True, 'level': 4, 'authGroup': '1,2,3,4,11', 'operates': [{'authId': 4, 'authName': 'menu_auth_select', 'authRemark': '查看', 'isSelected': True}], 'subAuthoritys': None}, {'id': 32, 'authorityName': '患者日志', 'parentId': 27, 'authorizingUrl': 'patientLog', 'isSelected': True, 'level': 4, 'authGroup': '4', 'operates': [{'authId': 4, 'authName': 'menu_auth_select', 'authRemark': '查看', 'isSelected': True}], 'subAuthoritys': None}]}, {'id': 33, 'authorityName': '医生管理', 'parentId': 2, 'authorizingUrl': 'doctorManagement', 'isSelected': True, 'level': 3, 'authGroup': None, 'operates': None, 'subAuthoritys': [{'id': 34, 'authorityName': '医生列表', 'parentId': 33, 'authorizingUrl': 'doctorList', 'isSelected': True, 'level': 4, 'authGroup': '1,2,3,4,19', 'operates': [{'authId': 1, 'authName': 'menu_auth_create', 'authRemark': '新增', 'isSelected': True}, {'authId': 2, 'authName': 'menu_auth_delete', 'authRemark': '删除', 'isSelected': True}, {'authId': 3, 'authName': 'menu_auth_update', 'authRemark': '编辑', 'isSelected': True}, {'authId': 4, 'authName': 'menu_auth_select', 'authRemark': '查看', 'isSelected': True}, {'authId': 19, 'authName': 'menu_auth_export', 'authRemark': '导出', 'isSelected': True}], 'subAuthoritys': None}]}, {'id': 61, 'authorityName': '帮助', 'parentId': 2, 'authorizingUrl': 'help', 'isSelected': True, 'level': 3, 'authGroup': '4', 'operates': [{'authId': 4, 'authName': 'menu_auth_select', 'authRemark': '查看', 'isSelected': True}], 'subAuthoritys': []}]}, {'id': 4, 'authorityName': '管理中心', 'parentId': 1, 'authorizingUrl': 'manageCenter', 'isSelected': True, 'level': 2, 'authGroup': None, 'operates': None, 'subAuthoritys': [{'id': 6, 'authorityName': '设备管理', 'parentId': 4, 'authorizingUrl': 'device', 'isSelected': True, 'level': 3, 'authGroup': None, 'operates': None, 'subAuthoritys': [{'id': 13, 'authorityName': '呼吸机', 'parentId': 6, 'authorizingUrl': 'ventilator', 'isSelected': True, 'level': 4, 'authGroup': '1,2,3,4,5,19', 'operates': [{'authId': 1, 'authName': 'menu_auth_create', 'authRemark': '新增', 'isSelected': True}, {'authId': 2, 'authName': 'menu_auth_delete', 'authRemark': '删除', 'isSelected': True}, {'authId': 3, 'authName': 'menu_auth_update', 'authRemark': '编辑', 'isSelected': True}, {'authId': 4, 'authName': 'menu_auth_select', 'authRemark': '查看', 'isSelected': True}, {'authId': 5, 'authName': 'menu_auth_allot', 'authRemark': '分配', 'isSelected': True}, {'authId': 19, 'authName': 'menu_auth_export', 'authRemark': '导出', 'isSelected': True}], 'subAuthoritys': None}, {'id': 59, 'authorityName': '耗材列表', 'parentId': 6, 'authorizingUrl': 'consumablesList', 'isSelected': True, 'level': 4, 'authGroup': '3,4,22', 'operates': [{'authId': 3, 'authName': 'menu_auth_update', 'authRemark': '编辑', 'isSelected': True}, {'authId': 4, 'authName': 'menu_auth_select', 'authRemark': '查看', 'isSelected': True}], 'subAuthoritys': None}]}, {'id': 24, 'authorityName': '机构管理', 'parentId': 4, 'authorizingUrl': 'institutionManagement', 'isSelected': True, 'level': 3, 'authGroup': None, 'operates': None, 'subAuthoritys': [{'id': 31, 'authorityName': '机构管理', 'parentId': 24, 'authorizingUrl': 'dealerManage', 'isSelected': True, 'level': 4, 'authGroup': '1,2,3,4,17,19', 'operates': [{'authId': 1, 'authName': 'menu_auth_create', 'authRemark': '新增', 'isSelected': True}, {'authId': 2, 'authName': 'menu_auth_delete', 'authRemark': '删除', 'isSelected': True}, {'authId': 3, 'authName': 'menu_auth_update', 'authRemark': '编辑', 'isSelected': True}, {'authId': 4, 'authName': 'menu_auth_select', 'authRemark': '查看', 'isSelected': True}, {'authId': 17, 'authName': 'menu_auth_maintain', 'authRemark': '维护', 'isSelected': True}, {'authId': 19, 'authName': 'menu_auth_export', 'authRemark': '导出', 'isSelected': True}], 'subAuthoritys': None}]}, {'id': 37, 'authorityName': '权限管理', 'parentId': 4, 'authorizingUrl': 'jurisdictionManagement', 'isSelected': True, 'level': 3, 'authGroup': None, 'operates': None, 'subAuthoritys': [{'id': 39, 'authorityName': '角色管理', 'parentId': 37, 'authorizingUrl': 'roleManagement', 'isSelected': True, 'level': 4, 'authGroup': '1,2,3,4', 'operates': [{'authId': 1, 'authName': 'menu_auth_create', 'authRemark': '新增', 'isSelected': True}, {'authId': 2, 'authName': 'menu_auth_delete', 'authRemark': '删除', 'isSelected': True}, {'authId': 3, 'authName': 'menu_auth_update', 'authRemark': '编辑', 'isSelected': True}, {'authId': 4, 'authName': 'menu_auth_select', 'authRemark': '查看', 'isSelected': True}], 'subAuthoritys': None}, {'id': 40, 'authorityName': '区域管理', 'parentId': 37, 'authorizingUrl': 'areaManagement', 'isSelected': True, 'level': 4, 'authGroup': '1,2,3,4,19', 'operates': [{'authId': 1, 'authName': 'menu_auth_create', 'authRemark': '新增', 'isSelected': True}, {'authId': 2, 'authName': 'menu_auth_delete', 'authRemark': '删除', 'isSelected': True}, {'authId': 3, 'authName': 'menu_auth_update', 'authRemark': '编辑', 'isSelected': True}, {'authId': 4, 'authName': 'menu_auth_select', 'authRemark': '查看', 'isSelected': True}, {'authId': 19, 'authName': 'menu_auth_export', 'authRemark': '导出', 'isSelected': True}], 'subAuthoritys': None}, {'id': 38, 'authorityName': '人员管理', 'parentId': 37, 'authorizingUrl': 'staffManagement', 'isSelected': True, 'level': 4, 'authGroup': '1,2,3,4,14,19', 'operates': [{'authId': 1, 'authName': 'menu_auth_create', 'authRemark': '新增', 'isSelected': True}, {'authId': 2, 'authName': 'menu_auth_delete', 'authRemark': '删除', 'isSelected': True}, {'authId': 3, 'authName': 'menu_auth_update', 'authRemark': '编辑', 'isSelected': True}, {'authId': 4, 'authName': 'menu_auth_select', 'authRemark': '查看', 'isSelected': True}, {'authId': 14, 'authName': 'menu_auth_state', 'authRemark': '状态', 'isSelected': True}, {'authId': 19, 'authName': 'menu_auth_export', 'authRemark': '导出', 'isSelected': True}], 'subAuthoritys': None}]}, {'id': 55, 'authorityName': '用户管理', 'parentId': 4, 'authorizingUrl': 'userManagement', 'isSelected': True, 'level': 3, 'authGroup': None, 'operates': None, 'subAuthoritys': [{'id': 56, 'authorityName': '用户列表', 'parentId': 55, 'authorizingUrl': 'userManagementList', 'isSelected': True, 'level': 4, 'authGroup': '3,11,14,19', 'operates': [{'authId': 3, 'authName': 'menu_auth_update', 'authRemark': '编辑', 'isSelected': True}, {'authId': 11, 'authName': 'menu_auth_send_msg', 'authRemark': '发送消息', 'isSelected': True}, {'authId': 14, 'authName': 'menu_auth_state', 'authRemark': '状态', 'isSelected': True}, {'authId': 19, 'authName': 'menu_auth_export', 'authRemark': '导出', 'isSelected': True}], 'subAuthoritys': None}]}]}], 'roleId': 746}"
"passed","Tue Jan 10 10:08:17 CST 2023","Tue Jan 10 10:08:19 CST 2023","1460","tool","test_case","","","","msg_user_do_list_lastLogin_asc","POST请求参数:{'account': '', 'firstName': '', 'type': '', 'orderBy': 'lastLogin', 'orderByTwo': 'asc', 'page': {'currentPage': 1, 'showCount': 15}}"
"passed","Tue Jan 10 10:06:17 CST 2023","Tue Jan 10 10:06:18 CST 2023","810","tool","test_case","","","","sfgetID","POST请求参数:{'addTime': '', 'addTimeMax': '', 'followPatientName': '', 'followType': '1', 'doctorName': '', 'page': {'currentPage': 1, 'showCount': 15}}"
"passed","Tue Jan 10 10:04:30 CST 2023","Tue Jan 10 10:04:31 CST 2023","153","tool","test_case","","","","getUserId","POST请求参数:{'id': 41608015906}"
"passed","Tue Jan 10 10:08:21 CST 2023","Tue Jan 10 10:08:22 CST 2023","1527","tool","test_case","","","","msg_user_do_list_add_time_asc","POST请求参数:{'account': '', 'firstName': '', 'type': '', 'orderBy': 'add_time', 'orderByTwo': 'asc', 'page': {'currentPage': 1, 'showCount': 15}}"
"passed","Tue Jan 10 10:04:37 CST 2023","Tue Jan 10 10:04:39 CST 2023","1448","tool","test_case","","","","userNameDESC","POST请求参数:{'orderBy': 'userName', 'orderByTwo': 'desc', 'page': {'currentPage': 1, 'showCount': 15}, 'sqlNames': ['userName', 'userId', 'sex', 'age', 'areaPlace', 'doctorName', 'type']}"
"passed","Tue Jan 10 10:06:51 CST 2023","Tue Jan 10 10:06:52 CST 2023","839","tool","test_case","","","","hxjlistAvailableDeviceWithoutSubordinateDevice","POST请求参数:{'institutionId': 41608015906}"
"passed","Tue Jan 10 10:05:55 CST 2023","Tue Jan 10 10:05:56 CST 2023","743","tool","test_case","","","","cpcomplianceList_deviceId","POST请求参数:{'dayNum': 30, 'dayTime': '2023-01-10', 'orderBy': 'deviceId', 'orderByTwo': 'desc', 'page': {'currentPage': 1, 'showCount': 15}, 'sqlNames': ['deviceId']}"
"passed","Tue Jan 10 10:06:44 CST 2023","Tue Jan 10 10:06:45 CST 2023","873","tool","test_case","","","","hxj_search_doctor_name_desc","POST请求参数:{'deviceNo': '', 'assigned': '', 'orderBy': 'doctor_name', 'orderByTwo': 'desc', 'page': {'currentPage': 1, 'showCount': 15}, 'sqlNames': ['doctorName']}"
"passed","Tue Jan 10 10:04:52 CST 2023","Tue Jan 10 10:04:52 CST 2023","719","tool","test_case","","","","userlist","POST请求参数:{'patientName': '1', 'orderBy': 'userName', 'orderByTwo': 'asc', 'page': {'currentPage': 1, 'showCount': 15}, 'sqlNames': ['userName', 'patientName', 'lastused', 'lastUsageH', 'deviceId', 'addTime', 'inName']}"
"passed","Tue Jan 10 10:05:34 CST 2023","Tue Jan 10 10:05:35 CST 2023","352","tool","test_case","","","","hzlb_asyncDelTask","POST请求参数:{}"
"passed","Tue Jan 10 10:04:51 CST 2023","Tue Jan 10 10:04:51 CST 2023","730","tool","test_case","","","","pd_listall","POST请求参数:{'patientId': '2', 'patientName': '3', 'doctorName': '4', 'areaPlace': 43, 'deviceId': '5', 'type': 'iBreeze 20C', 'useDay': '30', 'userName': '1', 'email': '6', 'notUseDay': '7', 'page': {'currentPage': 1, 'showCount': 15}, 'sqlNames': ['patientName', 'userId', 'userName', 'notUseDay', 'email', 'useDay', 'inName', 'doctorName', 'type', 'areaPlace', 'deviceId']}"
"passed","Tue Jan 10 10:04:35 CST 2023","Tue Jan 10 10:04:35 CST 2023","270","tool","test_case","","","","searchMessage","POST请求参数:{'ownerId': 41608015906, 'page': {'showCount': 15, 'currentPage': 1}}"
"passed","Tue Jan 10 10:05:34 CST 2023","Tue Jan 10 10:05:34 CST 2023","359","tool","test_case","","","","hzlb_exportTemplateList_1","POST请求参数:{'deviceId': '', 'limitNum': 0}"
"passed","Tue Jan 10 10:07:53 CST 2023","Tue Jan 10 10:07:54 CST 2023","1184","tool","test_case","","","","qyregioninfolist","POST请求参数:{'deviceId': '', 'doctorName': '', 'patientName': '', 'type': '', 'assigned': '', 'orderBy': 'addTime', 'orderByTwo': 'desc', 'id': '19', 'page': {'currentPage': 1, 'showCount': 15}}"
"passed","Tue Jan 10 10:06:38 CST 2023","Tue Jan 10 10:06:39 CST 2023","883","tool","test_case","","","","hxj_search_type_desc","POST请求参数:{'deviceNo': '', 'assigned': '', 'orderBy': 'type', 'orderByTwo': 'desc', 'page': {'currentPage': 1, 'showCount': 15}, 'sqlNames': ['type']}"
"passed","Tue Jan 10 10:08:13 CST 2023","Tue Jan 10 10:08:15 CST 2023","1206","tool","test_case","","","","userlistAllUse","POST请求参数:{}"
"passed","Tue Jan 10 10:07:09 CST 2023","Tue Jan 10 10:07:10 CST 2023","898","tool","test_case","","","","hcinstitutionList","POST请求参数:{'deviceId': '', 'instiutionNameq': '', 'userId': 41608015906}"
"passed","Tue Jan 10 10:07:16 CST 2023","Tue Jan 10 10:07:17 CST 2023","928","tool","test_case","","","","hcsetCycle_4","POST请求参数:{'id': 52, 'institutionId': '41608015906', 'maskCycle': 180, 'filterCycle': 30, 'tubeCycle': 365, 'waterTankCycle': 180, 'venturiMaskCycle': 180, 'frameCycle': 180, 'resistanceBandCycle': 180, 'maskIsSubdivide': False, 'type': 0, 'addTime': '2022-10-22 01:55:30'}"
"passed","Tue Jan 10 10:05:49 CST 2023","Tue Jan 10 10:05:50 CST 2023","738","tool","test_case","","","","cpcomplianceList_setupDate","POST请求参数:{'dayNum': 30, 'dayTime': '2023-01-10', 'orderBy': 'setupDate', 'orderByTwo': 'desc', 'page': {'currentPage': 1, 'showCount': 15}, 'sqlNames': ['setupDate']}"
"passed","Tue Jan 10 10:05:19 CST 2023","Tue Jan 10 10:05:19 CST 2023","350","tool","test_case","","","","hzlb_daochu","POST请求参数:{'deviceId': 'G', 'page': {'currentPage': 1, 'showCount': 15}, 'sqlNames': ['userName', 'patientName', 'lastused', 'lastUsageH', 'deviceId', 'addTime', 'inName', 'userId', 'sex', 'age', 'doctorName', 'type', 'areaPlace', 'state', 'phone'], 'isCancel': '0'}"
"passed","Tue Jan 10 10:08:16 CST 2023","Tue Jan 10 10:08:17 CST 2023","1477","tool","test_case","","","","msg_user_do_list_lastLogin_desc","POST请求参数:{'account': '', 'firstName': '', 'type': '', 'orderBy': 'lastLogin', 'orderByTwo': 'desc', 'page': {'currentPage': 1, 'showCount': 15}}"
"passed","Tue Jan 10 10:05:36 CST 2023","Tue Jan 10 10:05:37 CST 2023","645","tool","test_case","","","","datalist","POST请求参数:{'patientId': '', 'page': {'currentPage': 1, 'showCount': 10}, 'keyword': ''}"
"passed","Tue Jan 10 10:07:20 CST 2023","Tue Jan 10 10:07:21 CST 2023","1094","tool","test_case","","","","jggetinstitutionid","POST请求参数:{'country': '', 'userId': '', 'institutionType': '', 'institutionName': '', 'userName': '', 'orderBy': 'add_time', 'orderByTwo': 'desc', 'page': {'currentPage': 1, 'showCount': 15}, 'sqlNames': ['institutionName', 'principal', 'doctorNumber', 'patientNumber', 'deviceNumber', 'addTime', 'countryZh']}"
"passed","Tue Jan 10 10:05:19 CST 2023","Tue Jan 10 10:05:19 CST 2023","356","tool","test_case","","","","hzlb_daochu2","POST请求参数:{'deviceId': 'G', 'page': {'currentPage': 1, 'showCount': 15}, 'sqlNames': ['userName', 'patientName', 'lastused', 'lastUsageH', 'deviceId', 'addTime', 'inName', 'userId', 'sex', 'age', 'doctorName', 'type', 'areaPlace', 'state', 'phone'], 'isCancel': '0'}"
"passed","Tue Jan 10 10:04:47 CST 2023","Tue Jan 10 10:04:48 CST 2023","1395","tool","test_case","","","","addTimeDESC","POST请求参数:{'orderBy': 'addTime', 'orderByTwo': 'desc', 'page': {'currentPage': 1, 'showCount': 15}, 'sqlNames': ['userName', 'addTime', 'useDay', 'inName', 'userId', 'type', 'phone', 'email']}"
"passed","Tue Jan 10 10:04:26 CST 2023","Tue Jan 10 10:04:26 CST 2023","75","tool","test_case","","","","zc_countryIdshiqu",""
"passed","Tue Jan 10 10:05:17 CST 2023","Tue Jan 10 10:05:18 CST 2023","423","tool","test_case","","","","hzlb_countryList","POST请求参数:None"
"passed","Tue Jan 10 10:05:16 CST 2023","Tue Jan 10 10:05:16 CST 2023","386","tool","test_case","","","","hzlb_search","POST请求参数:{'type': 2, 'name': '', 'svn': '', 'status': 2, 'page': {'showCount': 15, 'currentPage': 1}}"
"passed","Tue Jan 10 10:06:29 CST 2023","Tue Jan 10 10:06:30 CST 2023","852","tool","test_case","","","","ysgl_getInvitationDoctorList","POST请求参数:{'page': {'currentPage': 1, 'showCount': 15}, 'invitationDoctorId': 120160918655}"
"passed","Tue Jan 10 10:05:35 CST 2023","Tue Jan 10 10:05:36 CST 2023","354","tool","test_case","","","","hzlb_asyncDelTask_quxiao","POST请求参数:{}"
"passed","Tue Jan 10 10:08:06 CST 2023","Tue Jan 10 10:08:07 CST 2023","1200","tool","test_case","","","","rynewstaff","POST请求参数:{'userName': 'renyuanxinzeng', 'firstName': 'testrenyuan', 'lastName': 'renyuan2', 'areaId': 1083, 'roleUserId': 588, 'cellPhone': '13143652323', 'phone': '16125242536', 'email': 'WQEQWs@rw.rsw', 'country': 'Andorra', 'timeZone': 'Europe/Andorra', 'state': 'DADASDA1REW', 'city': 'DADASDAR1EW', 'street': 'vDADAS1DAREW', 'postalCode': '53258243532', 'userId': '', 'delName': '人员'}"
"passed","Tue Jan 10 10:07:08 CST 2023","Tue Jan 10 10:07:09 CST 2023","936","tool","test_case","","","","hc_consumableList_waterTankTime_asc","POST请求参数:{'orderBy': 'waterTankTime', 'orderByTwo': 'asc', 'page': {'currentPage': 1, 'showCount': 15}}"
"passed","Tue Jan 10 10:06:34 CST 2023","Tue Jan 10 10:06:35 CST 2023","815","tool","test_case","","","","ysgl_insReturnDoctorInvitation","POST请求参数:{'invitationId': 148, 'checkStatus': 3}"
"passed","Tue Jan 10 10:06:20 CST 2023","Tue Jan 10 10:06:20 CST 2023","746","tool","test_case","","","","sfzldelete","POST请求参数:None"
"passed","Tue Jan 10 10:07:48 CST 2023","Tue Jan 10 10:07:49 CST 2023","1181","tool","test_case","","","","qy_list_add_time_desc","POST请求参数:{'areaName': '', 'orderBy': 'addTime', 'orderByTwo': 'desc', 'page': {'currentPage': 1, 'showCount': 15}}"
"passed","Tue Jan 10 10:05:53 CST 2023","Tue Jan 10 10:05:53 CST 2023","741","tool","test_case","","","","cpcomplianceList_doctorName2","POST请求参数:{'dayNum': 30, 'dayTime': '2023-01-10', 'orderBy': 'doctorName', 'orderByTwo': 'asc', 'page': {'currentPage': 1, 'showCount': 15}, 'sqlNames': ['doctorName']}"
"passed","Tue Jan 10 10:05:18 CST 2023","Tue Jan 10 10:05:18 CST 2023","461","tool","test_case","","","","hzlb_agentGoAdd","POST请求参数:{'timeZone': 'Asia/Shanghai'}"
"passed","Tue Jan 10 10:04:34 CST 2023","Tue Jan 10 10:04:34 CST 2023","153","tool","test_case","","","","sy_getUserListAll","POST请求参数:{}"
"passed","Tue Jan 10 10:04:32 CST 2023","Tue Jan 10 10:04:32 CST 2023","187","tool","test_case","","","","sy_consumableCount","POST请求参数:{}"
"passed","Tue Jan 10 10:04:32 CST 2023","Tue Jan 10 10:04:32 CST 2023","664","tool","test_case","","","","sy_search","POST请求参数:{'type': 2, 'name': '', 'svn': '', 'status': 2, 'page': {'showCount': 15, 'currentPage': 1}}"
"passed","Tue Jan 10 10:08:12 CST 2023","Tue Jan 10 10:08:13 CST 2023","1214","tool","test_case","","","","usergetMsgCount","POST请求参数:{'state': False}"
"passed","Tue Jan 10 10:07:46 CST 2023","Tue Jan 10 10:07:47 CST 2023","1164","tool","test_case","","","","qynewregion","POST请求参数:{'areaDesc': '23c4a3234', 'areaName': '3c4a234'}"
"passed","Tue Jan 10 10:07:26 CST 2023","Tue Jan 10 10:07:28 CST 2023","1093","tool","test_case","","","","jggl_orgDoList_doctor_number_asc","POST请求参数:{'orderBy': 'doctor_number', 'orderByTwo': 'asc', 'page': {'currentPage': 1, 'showCount': 15}, 'sqlNames': ['doctorNumber']}"
"passed","Tue Jan 10 10:07:41 CST 2023","Tue Jan 10 10:07:42 CST 2023","1161","tool","test_case","","","","js_list_add_time_asc","POST请求参数:{'roleName': '', 'orderBy': 'add_time', 'orderByTwo': 'asc', 'page': {'currentPage': 1, 'showCount': 15}}"
"passed","Tue Jan 10 10:05:15 CST 2023","Tue Jan 10 10:05:15 CST 2023","377","tool","test_case","","","","hzlb_institutionTree","POST请求参数:{}"
"passed","Tue Jan 10 10:07:35 CST 2023","Tue Jan 10 10:07:36 CST 2023","1015","tool","test_case","","","","jgdeleteinstitution","POST请求参数:{'userId': 41673316439, 'delName': 'Institution'}"
"passed","Tue Jan 10 10:04:45 CST 2023","Tue Jan 10 10:04:46 CST 2023","868","tool","test_case","","","","birthDESC","POST请求参数:{'orderBy': 'birth', 'orderByTwo': 'desc', 'page': {'currentPage': 1, 'showCount': 15}, 'sqlNames': ['userId', 'sex', 'age', 'areaPlace', 'doctorName', 'type', 'phone', 'email']}"
"passed","Tue Jan 10 10:05:41 CST 2023","Tue Jan 10 10:05:41 CST 2023","765","tool","test_case","","","","cpinstitutionList","POST请求参数:{}"
"passed","Tue Jan 10 10:06:56 CST 2023","Tue Jan 10 10:06:57 CST 2023","921","tool","test_case","","","","hc_consumableList_setupDate_asc","POST请求参数:{'orderBy': 'setupDate', 'orderByTwo': 'asc', 'page': {'currentPage': 1, 'showCount': 15}}"
"passed","Tue Jan 10 10:07:09 CST 2023","Tue Jan 10 10:07:09 CST 2023","876","tool","test_case","","","","hcgetCycle","获取机构耗材编号"
"passed","Tue Jan 10 10:06:16 CST 2023","Tue Jan 10 10:06:17 CST 2023","802","tool","test_case","","","","sfsendtreatment","POST请求参数:{'id': 668, 'followDesc': '发是多少', 'followType': '2', 'followPatientId': 31673072638, 'followPatientName': '举贤', 'isSeng': 1}"
"passed","Tue Jan 10 10:04:52 CST 2023","Tue Jan 10 10:04:53 CST 2023","475","tool","test_case","","","","getinstitutionID","POST请求参数:{'page': {'currentPage': 1, 'showCount': 15}}"
"passed","Tue Jan 10 10:05:22 CST 2023","Tue Jan 10 10:05:23 CST 2023","943","tool","test_case","","","","hzlb_qr_verify","POST请求参数:{'deviceId': 'GB-2B317704', 'sync': 1}"
"passed","Tue Jan 10 10:08:00 CST 2023","Tue Jan 10 10:08:01 CST 2023","1201","tool","test_case","","","","rystafflist","POST请求参数:{'firsName': '', 'userName': '', 'roleName': '', 'orderBy': 'add_time', 'orderByTwo': 'desc', 'page': {'currentPage': 1, 'showCount': 15}}"
"passed","Tue Jan 10 10:06:55 CST 2023","Tue Jan 10 10:06:56 CST 2023","925","tool","test_case","","","","hc_consumableList_setupDate_desc","POST请求参数:{'orderBy': 'setupDate', 'orderByTwo': 'desc', 'page': {'currentPage': 1, 'showCount': 15}}"
"passed","Tue Jan 10 10:06:45 CST 2023","Tue Jan 10 10:06:45 CST 2023","841","tool","test_case","","","","hxj_search_doctor_name_asc","POST请求参数:{'deviceNo': '', 'assigned': '', 'orderBy': 'doctor_name', 'orderByTwo': 'asc', 'page': {'currentPage': 1, 'showCount': 15}, 'sqlNames': ['doctorName']}"
"passed","Tue Jan 10 10:05:32 CST 2023","Tue Jan 10 10:05:33 CST 2023","348","tool","test_case","","","","hzlb_getOptimalReport","最优30天报告"
"passed","Tue Jan 10 10:08:24 CST 2023","Tue Jan 10 10:08:25 CST 2023","1534","tool","test_case","","","","msg_user_do_list_2","POST请求参数:{'account': '', 'firstName': '', 'type': '', 'userName': 'shiyan', 'page': {'currentPage': 1, 'showCount': 15}}"
"passed","Tue Jan 10 10:07:47 CST 2023","Tue Jan 10 10:07:48 CST 2023","1197","tool","test_case","","","","qygetregionid","POST请求参数:{'areaName': '', 'page': {'currentPage': 1, 'showCount': 15}}"
"passed","Tue Jan 10 10:06:43 CST 2023","Tue Jan 10 10:06:44 CST 2023","879","tool","test_case","","","","hxj_search_area_place_asc","POST请求参数:{'deviceNo': '', 'assigned': '', 'orderBy': 'area_place', 'orderByTwo': 'asc', 'page': {'currentPage': 1, 'showCount': 15}, 'sqlNames': ['areaPlace']}"
"passed","Tue Jan 10 10:05:26 CST 2023","Tue Jan 10 10:05:26 CST 2023","361","tool","test_case","","","","hzlb_ipapChart","POST请求参数:{'patientId': '31673316294', 'fromDate': '2022-09-22', 'toDate': '2022-09-28'}"
"passed","Tue Jan 10 10:07:23 CST 2023","Tue Jan 10 10:07:24 CST 2023","1043","tool","test_case","","","","jggl_orgDoList_institution_name_desc","POST请求参数:{'orderBy': 'institution_name', 'orderByTwo': 'desc', 'page': {'currentPage': 1, 'showCount': 15}, 'sqlNames': ['institutionUserName']}"
"passed","Tue Jan 10 10:05:23 CST 2023","Tue Jan 10 10:05:23 CST 2023","374","tool","test_case","","","","hzlb_zlsj",""
"passed","Tue Jan 10 10:05:17 CST 2023","Tue Jan 10 10:05:17 CST 2023","462","tool","test_case","","","","hzlb_selAllRoleAndArea","POST请求参数:None"
"passed","Tue Jan 10 10:06:40 CST 2023","Tue Jan 10 10:06:41 CST 2023","871","tool","test_case","","","","hxj_search_institutuin_name_desc","POST请求参数:{'deviceNo': '', 'assigned': '', 'orderBy': 'institutuin_name', 'orderByTwo': 'desc', 'page': {'currentPage': 1, 'showCount': 15}, 'sqlNames': ['institutuinName']}"
"passed","Tue Jan 10 10:05:51 CST 2023","Tue Jan 10 10:05:52 CST 2023","727","tool","test_case","","","","cpcomplianceList_patientName2","POST请求参数:{'dayNum': 30, 'dayTime': '2023-01-10', 'orderBy': 'patientName', 'orderByTwo': 'asc', 'page': {'currentPage': 1, 'showCount': 15}, 'sqlNames': ['patientName']}"
"passed","Tue Jan 10 10:05:29 CST 2023","Tue Jan 10 10:05:29 CST 2023","361","tool","test_case","","","","hzlb_leakChartAllyy","POST请求参数:{'patientId': '31673316294', 'fromDate': '2022-08-22', 'toDate': '2022-09-28'}"
"passed","Tue Jan 10 10:07:28 CST 2023","Tue Jan 10 10:07:29 CST 2023","1188","tool","test_case","","","","jggl_orgDoList_patient_name_desc","POST请求参数:{'orderBy': 'patient_name', 'orderByTwo': 'desc', 'page': {'currentPage': 1, 'showCount': 15}, 'sqlNames': ['patientNumber']}"
"passed","Tue Jan 10 10:06:27 CST 2023","Tue Jan 10 10:06:29 CST 2023","1814","tool","test_case","","","","yishenghaomayouxiang","POST请求参数:{'cellPhone': 13129231221, 'phone': '', 'email': ''}"
"passed","Tue Jan 10 10:04:31 CST 2023","Tue Jan 10 10:04:31 CST 2023","394","tool","test_case","","","","sy_getMsgcount","POST请求参数:{'state': False}"
"passed","Tue Jan 10 10:06:18 CST 2023","Tue Jan 10 10:06:19 CST 2023","792","tool","test_case","","","","sfedit","POST请求参数:{'isSeng': 0, 'followDesc': '2334343', 'followType': '1', 'followManageVo': [{'followPatientId': 31673072638, 'followPatientName': '举贤'}], 'id': 667}"
"passed","Tue Jan 10 10:05:03 CST 2023","Tue Jan 10 10:05:04 CST 2023","1403","tool","test_case","","","","getuserID","POST请求参数:{'orderBy': 'addTime', 'orderByTwo': 'desc', 'page': {'currentPage': 1, 'showCount': 15}, 'sqlNames': ['userName', 'patientName', 'lastused', 'lastUsageH', 'deviceId', 'addTime', 'useDay', 'inName', 'email']}"
"passed","Tue Jan 10 10:07:14 CST 2023","Tue Jan 10 10:07:15 CST 2023","1156","tool","test_case","","","","hcsetCycle_2","POST请求参数:{'id': 52, 'institutionId': '41608015906', 'maskCycle': 180, 'filterCycle': 30, 'tubeCycle': 365, 'waterTankCycle': 180, 'venturiMaskCycle': 180, 'frameCycle': 180, 'resistanceBandCycle': 180, 'maskIsSubdivide': False, 'type': 1, 'addTime': '2022-10-22 01:55:30'}"
"passed","Tue Jan 10 10:05:47 CST 2023","Tue Jan 10 10:05:48 CST 2023","767","tool","test_case","","","","cpcomplianceList_userName","POST请求参数:{'dayNum': 30, 'dayTime': '2023-01-10', 'orderBy': 'userName', 'orderByTwo': 'desc', 'page': {'currentPage': 1, 'showCount': 15}, 'sqlNames': ['userName']}"
"passed","Tue Jan 10 10:05:39 CST 2023","Tue Jan 10 10:05:40 CST 2023","658","tool","test_case","","","","hzrz_getLogsByUser","POST请求参数:{'userId': '31672220365', 'page': {'currentPage': 1, 'showCount': 15}}"
"passed","Tue Jan 10 10:08:19 CST 2023","Tue Jan 10 10:08:21 CST 2023","1624","tool","test_case","","","","msg_user_do_list_add_time_desc","POST请求参数:{'account': '', 'firstName': '', 'type': '', 'orderBy': 'add_time', 'orderByTwo': 'desc', 'page': {'currentPage': 1, 'showCount': 15}}"
"passed","Tue Jan 10 10:04:33 CST 2023","Tue Jan 10 10:04:33 CST 2023","176","tool","test_case","","","","sy_7day","POST请求参数:{}"
"passed","Tue Jan 10 10:04:29 CST 2023","Tue Jan 10 10:04:30 CST 2023","222","tool","test_case","","","","nousername","POST请求参数:{'changAuthCode': '', 'code': '6nkk', 'password': 'rx123456', 'username': None}"
"passed","Tue Jan 10 10:05:51 CST 2023","Tue Jan 10 10:05:51 CST 2023","749","tool","test_case","","","","cpcomplianceList_patientName","POST请求参数:{'dayNum': 30, 'dayTime': '2023-01-10', 'orderBy': 'patientName', 'orderByTwo': 'desc', 'page': {'currentPage': 1, 'showCount': 15}, 'sqlNames': ['patientName']}"
"passed","Tue Jan 10 10:06:47 CST 2023","Tue Jan 10 10:06:48 CST 2023","866","tool","test_case","","","","hxj_search_add_time_desc","POST请求参数:{'deviceNo': '', 'assigned': '', 'orderBy': 'add_time', 'orderByTwo': 'desc', 'page': {'currentPage': 1, 'showCount': 15}, 'sqlNames': ['addTime']}"
"passed","Tue Jan 10 10:05:28 CST 2023","Tue Jan 10 10:05:28 CST 2023","391","tool","test_case","","","","hzlb_patientReportShowyy","POST请求参数:{'patientId': '31673316294', 'fromDate': '2022-08-22', 'toDate': '2022-09-28'}"
"passed","Tue Jan 10 10:07:10 CST 2023","Tue Jan 10 10:07:12 CST 2023","1217","tool","test_case","","","","hcselAreaENtityVolistPage","POST请求参数:{'firsName': '', 'userName': '', 'roleName': '', 'page': {'currentPage': 1, 'showCount': 1000}}"
"passed","Tue Jan 10 10:07:43 CST 2023","Tue Jan 10 10:07:44 CST 2023","1418","tool","test_case","","","","jsseerole","POST请求参数:{'roleId': 746}"
"passed","Tue Jan 10 10:05:38 CST 2023","Tue Jan 10 10:05:38 CST 2023","671","tool","test_case","","","","datasearch","POST请求参数:{'type': 2, 'name': '', 'svn': '', 'status': 2, 'page': {'showCount': 15, 'currentPage': 1}}"
"passed","Tue Jan 10 10:07:44 CST 2023","Tue Jan 10 10:07:46 CST 2023","1153","tool","test_case","","","","jsdeleterole","POST请求参数:{'roleName': 'bianjijues333', 'roleId': 746}"
"passed","Tue Jan 10 10:05:31 CST 2023","Tue Jan 10 10:05:32 CST 2023","372","tool","test_case","","","","hzlb_ipapChartdd","POST请求参数:{'patientId': '31673316294', 'fromDate': '2022-09-28', 'toDate': '2022-09-28'}"
"passed","Tue Jan 10 10:05:44 CST 2023","Tue Jan 10 10:05:44 CST 2023","736","tool","test_case","","","","cplistAllUse","POST请求参数:{}"
"passed","Tue Jan 10 10:05:59 CST 2023","Tue Jan 10 10:06:00 CST 2023","775","tool","test_case","","","","cpcomplianceList_use_num_day2","POST请求参数:{'dayNum': 30, 'dayTime': '2023-01-10', 'orderBy': 'use_num_day', 'orderByTwo': 'asc', 'page': {'currentPage': 1, 'showCount': 15}, 'sqlNames': ['use_num_day']}"
"passed","Tue Jan 10 10:05:53 CST 2023","Tue Jan 10 10:05:54 CST 2023","774","tool","test_case","","","","cpcomplianceList_type","POST请求参数:{'dayNum': 30, 'dayTime': '2023-01-10', 'orderBy': 'type', 'orderByTwo': 'desc', 'page': {'currentPage': 1, 'showCount': 15}, 'sqlNames': ['type']}"
"passed","Tue Jan 10 10:05:32 CST 2023","Tue Jan 10 10:05:32 CST 2023","372","tool","test_case","","","","hzlb_epapChartdd","POST请求参数:{'patientId': '31673316294', 'fromDate': '2022-09-28', 'toDate': '2022-09-28'}"
"passed","Tue Jan 10 10:05:16 CST 2023","Tue Jan 10 10:05:16 CST 2023","345","tool","test_case","","","","hzlb_listAllUse","POST请求参数:{}"
"passed","Tue Jan 10 10:07:36 CST 2023","Tue Jan 10 10:07:37 CST 2023","1436","tool","test_case","","","","jsroleinfo","POST请求参数:{'roleId': 0}"
"passed","Tue Jan 10 10:05:30 CST 2023","Tue Jan 10 10:05:31 CST 2023","372","tool","test_case","","","","hzlb_patientReportShowdd","POST请求参数:{'patientId': '31673316294', 'fromDate': '2022-09-28', 'toDate': '2022-09-28'}"
"passed","Tue Jan 10 10:06:30 CST 2023","Tue Jan 10 10:06:30 CST 2023","804","tool","test_case","","","","ysgl_sendDoctorJoinRequestQuery","POST请求参数:{'doctorAccountOrId': 'shiyisheng'}"
"passed","Tue Jan 10 10:05:25 CST 2023","Tue Jan 10 10:05:26 CST 2023","391","tool","test_case","","","","hzlb_leakChartAll","POST请求参数:{'patientId': '31673316294', 'fromDate': '2022-09-22', 'toDate': '2022-09-28'}"
"passed","Tue Jan 10 10:06:11 CST 2023","Tue Jan 10 10:06:12 CST 2023","776","tool","test_case","","","","sfselListAllFollowManage_1","POST请求参数:{'addTime': '', 'addTimeMax': '', 'followPatientName': '', 'followType': '', 'doctorName': '', 'page': {'currentPage': 1, 'showCount': 15}}"
"passed","Tue Jan 10 10:07:59 CST 2023","Tue Jan 10 10:08:00 CST 2023","1194","tool","test_case","","","","search","POST请求参数:{'type': 2, 'name': '', 'svn': '', 'status': 2, 'page': {'showCount': 15, 'currentPage': 1}}"
"passed","Tue Jan 10 10:05:44 CST 2023","Tue Jan 10 10:05:45 CST 2023","773","tool","test_case","","","","cpsearch","POST请求参数:{'type': 2, 'name': '', 'svn': '', 'status': 2, 'page': {'showCount': 15, 'currentPage': 1}}"
"passed","Tue Jan 10 10:05:14 CST 2023","Tue Jan 10 10:05:14 CST 2023","482","tool","test_case","","","","edituser","POST请求参数:{'patientName': 'huan者', 'sex': 'Female', 'gender': 'Female', 'birth': '2000-01-01', 'phone': '1314546789854376', 'cellPhone': '188192929292993', 'email': '2432352@qq.comq', 'deviceId': '', 'type': '', 'setupDate': '2022-12-30', 'doctorName': '', 'institutionName': 'shiyan', 'country': 'United States', 'timeZone': 'America/Adak', 'street': '666', 'height': '166', 'weight': '66', 'title': 'MS', 'bz': '666', 'maskType': 'FullFace', 'patientHealthInfoListL': [{'name': 'Obstructive Sleep Apnea Hypopnea Syndrome (OSAHS)', 'translation': '阻塞性睡眠呼吸暂停低通气综合征', 'shorthand': 'OSAHS', 'medicalId': '1'}], 'insuranceCompany': '6666', 'polictNumber': '6666', 'payer': '', 'firstName': 'huan1', 'lastName': '者1', 'age': '22', 'institutuinId': 41608015906, 'treatingDoctorId': '', 'userName': 'newhuanz', 'userId': '31673316294', 'lastUsed': '', 'lastUsage': '', 'areaName': '', 'fromTime': '', 'startTime': '', 'clientState': '', 'doctorDataList': [{'id': None, 'addTime': '2023-01-10', 'patientId': '31673316294', 'doctorId': 21645527321, 'institutionId': 41608015906, 'doctorType': 1, 'isInsCreate': True, 'isInsDel': None, 'doctorNameZh': '测试0055测试0055', 'doctorNameEn': '测试0055 测试0055', 'doctorUsername': None}], 'ventmode': '', 'institutionId': 41608015906, 'inName': 'shiyan', 'checkMedical': '1d-', 'confirmMethod': 'email', 'confirmTime': '2023-01-10'}"
"passed","Tue Jan 10 10:06:25 CST 2023","Tue Jan 10 10:06:25 CST 2023","805","tool","test_case","","","","ys_hqjgid","POST请求参数:{'page': {'currentPage': 1, 'showCount': 15}}"
"passed","Tue Jan 10 10:04:46 CST 2023","Tue Jan 10 10:04:47 CST 2023","858","tool","test_case","","","","birthASC","POST请求参数:{'orderBy': 'birth', 'orderByTwo': 'asc', 'page': {'currentPage': 1, 'showCount': 15}, 'sqlNames': ['userId', 'sex', 'age', 'areaPlace', 'doctorName', 'type', 'phone', 'email']}"
"passed","Tue Jan 10 10:07:18 CST 2023","Tue Jan 10 10:07:20 CST 2023","1386","tool","test_case","","","","jgnewinstitution","POST请求参数:{'institutionType': '', 'userName': '2323423', 'institutionName': '323422', 'firstName': '322432', 'lastName': '32423', 'region': '323242', 'userId': '', 'phone': 1316494512, 'cellPhone': '', 'email': 'xq3932@sfds.df', 'fax': '', 'principal': '', 'country': 'Åland Islands', 'timeZone': 'Europe/Mariehamn', 'state': '', 'city': '', 'street': '', 'postalCode': '', 'img': '', 'authorityInfoVos': [{'id': 2, 'authorityName': '业务中心', 'parentId': 1, 'authorizingUrl': 'serviceCenter', 'isSelected': True, 'level': 2, 'authGroup': None, 'operates': None, 'subAuthoritys': [{'id': 27, 'authorityName': '依从性管理', 'parentId': 2, 'authorizingUrl': 'compliance', 'isSelected': True, 'level': 3, 'authGroup': None, 'operates': None, 'subAuthoritys': [{'id': 28, 'authorityName': '患者列表', 'parentId': 27, 'authorizingUrl': 'patient', 'isSelected': True, 'level': 4, 'authGroup': '1,2,3,4,7,8,9,10,11,12,19', 'operates': [{'authId': 1, 'authName': 'menu_auth_create', 'authRemark': '新增', 'isSelected': True}, {'authId': 2, 'authName': 'menu_auth_delete', 'authRemark': '删除', 'isSelected': True}, {'authId': 3, 'authName': 'menu_auth_update', 'authRemark': '编辑', 'isSelected': True}, {'authId': 4, 'authName': 'menu_auth_select', 'authRemark': '查看', 'isSelected': True}, {'authId': 8, 'authName': 'menu_auth_untie', 'authRemark': '解绑', 'isSelected': True}, {'authId': 9, 'authName': 'menu_auth_prescription', 'authRemark': '处方', 'isSelected': True}, {'authId': 10, 'authName': 'menu_auth_health', 'authRemark': '健康履历', 'isSelected': True}, {'authId': 11, 'authName': 'menu_auth_send_msg', 'authRemark': '发送消息', 'isSelected': True}], 'subAuthoritys': None}, {'id': 52, 'authorityName': '依从性列表', 'parentId': 27, 'authorizingUrl': 'complianceList', 'isSelected': True, 'level': 4, 'authGroup': '12', 'operates': [{'authId': 12, 'authName': 'menu_auth_report', 'authRemark': '报告', 'isSelected': True}], 'subAuthoritys': None}, {'id': 53, 'authorityName': '随访管理', 'parentId': 27, 'authorizingUrl': 'followUpManagement', 'isSelected': True, 'level': 3, 'authGroup': '1,2,3,4,11', 'operates': [{'authId': 1, 'authName': 'menu_auth_create', 'authRemark': '新增', 'isSelected': True}, {'authId': 2, 'authName': 'menu_auth_delete', 'authRemark': '删除', 'isSelected': True}, {'authId': 3, 'authName': 'menu_auth_update', 'authRemark': '编辑', 'isSelected': True}, {'authId': 4, 'authName': 'menu_auth_select', 'authRemark': '查看', 'isSelected': True}, {'authId': 11, 'authName': 'menu_auth_send_msg', 'authRemark': '发送消息', 'isSelected': True}], 'subAuthoritys': None}, {'id': 57, 'authorityName': 'R-Track', 'parentId': 27, 'authorizingUrl': 'userRtrack', 'isSelected': True, 'level': 4, 'authGroup': '4', 'operates': [{'authId': 4, 'authName': 'menu_auth_select', 'authRemark': '查看', 'isSelected': True}], 'subAuthoritys': None}, {'id': 32, 'authorityName': '患者日志', 'parentId': 27, 'authorizingUrl': 'patientLog', 'isSelected': True, 'level': 4, 'authGroup': '4', 'operates': [{'authId': 4, 'authName': 'menu_auth_select', 'authRemark': '查看', 'isSelected': True}], 'subAuthoritys': None}]}, {'id': 33, 'authorityName': '医生管理', 'parentId': 2, 'authorizingUrl': 'doctorManagement', 'isSelected': True, 'level': 3, 'authGroup': None, 'operates': None, 'subAuthoritys': [{'id': 34, 'authorityName': '医生列表', 'parentId': 33, 'authorizingUrl': 'doctorList', 'isSelected': True, 'level': 4, 'authGroup': '1,2,3,4,19', 'operates': [{'authId': 1, 'authName': 'menu_auth_create', 'authRemark': '新增', 'isSelected': True}, {'authId': 2, 'authName': 'menu_auth_delete', 'authRemark': '删除', 'isSelected': True}, {'authId': 3, 'authName': 'menu_auth_update', 'authRemark': '编辑', 'isSelected': True}, {'authId': 4, 'authName': 'menu_auth_select', 'authRemark': '查看', 'isSelected': True}, {'authId': 19, 'authName': 'menu_auth_export', 'authRemark': '导出', 'isSelected': True}], 'subAuthoritys': None}]}]}, {'id': 4, 'authorityName': '管理中心', 'parentId': 1, 'authorizingUrl': 'manageCenter', 'isSelected': True, 'level': 2, 'authGroup': None, 'operates': None, 'subAuthoritys': [{'id': 6, 'authorityName': '设备管理', 'parentId': 4, 'authorizingUrl': 'device', 'isSelected': True, 'level': 3, 'authGroup': None, 'operates': None, 'subAuthoritys': [{'id': 13, 'authorityName': '呼吸机', 'parentId': 6, 'authorizingUrl': 'ventilator', 'isSelected': True, 'level': 4, 'authGroup': '1,2,3,4,5,19', 'operates': [{'authId': 1, 'authName': 'menu_auth_create', 'authRemark': '新增', 'isSelected': True}, {'authId': 2, 'authName': 'menu_auth_delete', 'authRemark': '删除', 'isSelected': True}, {'authId': 3, 'authName': 'menu_auth_update', 'authRemark': '编辑', 'isSelected': True}, {'authId': 4, 'authName': 'menu_auth_select', 'authRemark': '查看', 'isSelected': True}, {'authId': 5, 'authName': 'menu_auth_allot', 'authRemark': '分配', 'isSelected': True}, {'authId': 19, 'authName': 'menu_auth_export', 'authRemark': '导出', 'isSelected': True}], 'subAuthoritys': None}]}, {'id': 24, 'authorityName': '机构管理', 'parentId': 4, 'authorizingUrl': 'institutionManagement', 'isSelected': True, 'level': 3, 'authGroup': None, 'operates': None, 'subAuthoritys': [{'id': 25, 'authorityName': '医院管理', 'parentId': 24, 'authorizingUrl': 'hospitalManagement', 'isSelected': True, 'level': 4, 'authGroup': '1,2,3,4,14', 'operates': [{'authId': 1, 'authName': 'menu_auth_create', 'authRemark': '新增', 'isSelected': True}, {'authId': 2, 'authName': 'menu_auth_delete', 'authRemark': '删除', 'isSelected': True}, {'authId': 3, 'authName': 'menu_auth_update', 'authRemark': '编辑', 'isSelected': True}, {'authId': 4, 'authName': 'menu_auth_select', 'authRemark': '查看', 'isSelected': True}, {'authId': 14, 'authName': 'menu_auth_state', 'authRemark': '状态', 'isSelected': True}], 'subAuthoritys': None}, {'id': 31, 'authorityName': '机构管理', 'parentId': 24, 'authorizingUrl': 'dealerManage', 'isSelected': True, 'level': 4, 'authGroup': '1,2,3,4,17,19', 'operates': [{'authId': 1, 'authName': 'menu_auth_create', 'authRemark': '新增', 'isSelected': True}, {'authId': 2, 'authName': 'menu_auth_delete', 'authRemark': '删除', 'isSelected': True}, {'authId': 3, 'authName': 'menu_auth_update', 'authRemark': '编辑', 'isSelected': True}, {'authId': 4, 'authName': 'menu_auth_select', 'authRemark': '查看', 'isSelected': True}, {'authId': 17, 'authName': 'menu_auth_maintain', 'authRemark': '维护', 'isSelected': True}, {'authId': 19, 'authName': 'menu_auth_export', 'authRemark': '导出', 'isSelected': True}], 'subAuthoritys': None}]}, {'id': 37, 'authorityName': '权限管理', 'parentId': 4, 'authorizingUrl': 'jurisdictionManagement', 'isSelected': True, 'level': 3, 'authGroup': None, 'operates': None, 'subAuthoritys': [{'id': 38, 'authorityName': '人员管理', 'parentId': 37, 'authorizingUrl': 'staffManagement', 'isSelected': True, 'level': 4, 'authGroup': '1,2,3,4,14,19', 'operates': [{'authId': 1, 'authName': 'menu_auth_create', 'authRemark': '新增', 'isSelected': True}, {'authId': 2, 'authName': 'menu_auth_delete', 'authRemark': '删除', 'isSelected': True}, {'authId': 3, 'authName': 'menu_auth_update', 'authRemark': '编辑', 'isSelected': True}, {'authId': 4, 'authName': 'menu_auth_select', 'authRemark': '查看', 'isSelected': True}, {'authId': 14, 'authName': 'menu_auth_state', 'authRemark': '状态', 'isSelected': True}, {'authId': 19, 'authName': 'menu_auth_export', 'authRemark': '导出', 'isSelected': True}], 'subAuthoritys': None}, {'id': 39, 'authorityName': '角色管理', 'parentId': 37, 'authorizingUrl': 'roleManagement', 'isSelected': True, 'level': 4, 'authGroup': '1,2,3,4', 'operates': [{'authId': 1, 'authName': 'menu_auth_create', 'authRemark': '新增', 'isSelected': True}, {'authId': 2, 'authName': 'menu_auth_delete', 'authRemark': '删除', 'isSelected': True}, {'authId': 3, 'authName': 'menu_auth_update', 'authRemark': '编辑', 'isSelected': True}, {'authId': 4, 'authName': 'menu_auth_select', 'authRemark': '查看', 'isSelected': True}], 'subAuthoritys': None}, {'id': 40, 'authorityName': '区域管理', 'parentId': 37, 'authorizingUrl': 'areaManagement', 'isSelected': True, 'level': 4, 'authGroup': '1,2,3,4,19', 'operates': [{'authId': 1, 'authName': 'menu_auth_create', 'authRemark': '新增', 'isSelected': True}, {'authId': 2, 'authName': 'menu_auth_delete', 'authRemark': '删除', 'isSelected': True}, {'authId': 3, 'authName': 'menu_auth_update', 'authRemark': '编辑', 'isSelected': True}, {'authId': 4, 'authName': 'menu_auth_select', 'authRemark': '查看', 'isSelected': True}, {'authId': 19, 'authName': 'menu_auth_export', 'authRemark': '导出', 'isSelected': True}], 'subAuthoritys': None}]}, {'id': 55, 'authorityName': '用户管理', 'parentId': 4, 'authorizingUrl': 'userManagement', 'isSelected': True, 'level': 3, 'authGroup': None, 'operates': None, 'subAuthoritys': [{'id': 56, 'authorityName': '用户列表', 'parentId': 55, 'authorizingUrl': 'userManagementList', 'isSelected': True, 'level': 4, 'authGroup': '3,11,14,19', 'operates': [{'authId': 3, 'authName': 'menu_auth_update', 'authRemark': '编辑', 'isSelected': True}, {'authId': 11, 'authName': 'menu_auth_send_msg', 'authRemark': '发送消息', 'isSelected': True}, {'authId': 14, 'authName': 'menu_auth_state', 'authRemark': '状态', 'isSelected': True}, {'authId': 19, 'authName': 'menu_auth_export', 'authRemark': '导出', 'isSelected': True}], 'subAuthoritys': None}]}]}]}"
"passed","Tue Jan 10 10:07:06 CST 2023","Tue Jan 10 10:07:07 CST 2023","919","tool","test_case","","","","hc_consumableList_resistanceBandTime_asc","POST请求参数:{'orderBy': 'resistanceBandTime', 'orderByTwo': 'asc', 'page': {'currentPage': 1, 'showCount': 15}}"
"passed","Tue Jan 10 10:05:20 CST 2023","Tue Jan 10 10:05:20 CST 2023","353","tool","test_case","","","","hzlb_uploadlist","POST请求参数:{'patientId': '', 'page': {'currentPage': 1, 'showCount': 10}, 'keyword': ''}"
"passed","Tue Jan 10 10:08:01 CST 2023","Tue Jan 10 10:08:02 CST 2023","1193","tool","test_case","","","","ry_stafflist_area_name_desc","POST请求参数:{'firsName': '', 'userName': '', 'roleName': '', 'orderBy': 'area_name', 'orderByTwo': 'desc', 'page': {'currentPage': 1, 'showCount': 15}}"
"passed","Tue Jan 10 10:04:35 CST 2023","Tue Jan 10 10:04:35 CST 2023","171","tool","test_case","","","","sy_updatePwd","POST请求参数:{'newPwd': 'rx123456', 'TnewPwd': 'rx123456', 'oldPwd': 'rx123456', 'userId': 41608015906}"
"passed","Tue Jan 10 10:05:24 CST 2023","Tue Jan 10 10:05:25 CST 2023","423","tool","test_case","","","","hzlb_prAll","POST请求参数:{'patientId': '31673316294', 'fromDate': '2022-09-22', 'toDate': '2022-09-28'}"
"passed","Tue Jan 10 10:05:37 CST 2023","Tue Jan 10 10:05:38 CST 2023","663","tool","test_case","","","","datalistAllUse","POST请求参数:{}"
"passed","Tue Jan 10 10:05:33 CST 2023","Tue Jan 10 10:05:33 CST 2023","339","tool","test_case","","","","hzlb_patientClickReport","打印报告"
"passed","Tue Jan 10 10:07:54 CST 2023","Tue Jan 10 10:07:55 CST 2023","1156","tool","test_case","","","","getMsgCount","POST请求参数:{'state': False}"
"passed","Tue Jan 10 10:06:16 CST 2023","Tue Jan 10 10:06:16 CST 2023","787","tool","test_case","","","","selUpdateFollowManage","POST请求参数:{'id': 668}"
"passed","Tue Jan 10 10:05:46 CST 2023","Tue Jan 10 10:05:47 CST 2023","769","tool","test_case","","","","cpcomplianceList_user","POST请求参数:{'dayNum': 30, 'dayTime': '2023-01-10', 'orderBy': 'userId', 'orderByTwo': 'desc', 'page': {'currentPage': 1, 'showCount': 15}, 'sqlNames': ['userId']}"
"passed","Tue Jan 10 10:06:55 CST 2023","Tue Jan 10 10:06:55 CST 2023","908","tool","test_case","","","","hcconsumableList","POST请求参数:{'patientName': '', 'deviceId': '', 'doctorName': '', 'areaPlace': '', 'filterReplace': '', 'tubeReplace': '', 'maskReplace': '', 'frameReplace': '', 'venturiMaskReplace': '', 'resistanceBandReplace': '', 'waterTankReplace': '', 'staffId': '', 'page': {'currentPage': 1, 'showCount': 15}}"
"passed","Tue Jan 10 10:07:24 CST 2023","Tue Jan 10 10:07:25 CST 2023","1060","tool","test_case","","","","jggl_orgDoList_institution_name_asc","POST请求参数:{'orderBy': 'institution_name', 'orderByTwo': 'asc', 'page': {'currentPage': 1, 'showCount': 15}, 'sqlNames': ['institutionUserName']}"
"passed","Tue Jan 10 10:05:35 CST 2023","Tue Jan 10 10:05:35 CST 2023","443","tool","test_case","","","","hzlb_getUserDownList_quxiao","POST请求参数:{'page': {'currentPage': 1, 'showCount': 10}}"
"passed","Tue Jan 10 10:05:41 CST 2023","Tue Jan 10 10:05:42 CST 2023","764","tool","test_case","","","","cpinstitutionTree","POST请求参数:{}"
"passed","Tue Jan 10 10:06:20 CST 2023","Tue Jan 10 10:06:21 CST 2023","825","tool","test_case","","","","yslist","POST请求参数:{'firstNmae': '1', 'doctorId': '1', 'account': '1', 'page': {'currentPage': 1, 'showCount': 15}}"
"passed","Tue Jan 10 10:06:22 CST 2023","Tue Jan 10 10:06:23 CST 2023","840","tool","test_case","","","","yslb_userId_asc","POST请求参数:{'orderBy': 'userId', 'orderByTwo': 'asc', 'page': {'currentPage': 1, 'showCount': 15}}"
"passed","Tue Jan 10 10:04:30 CST 2023","Tue Jan 10 10:04:30 CST 2023","243","tool","test_case","","","","truenamepwd","POST请求参数:{'changAuthCode': '', 'code': '6nkk', 'password': 'rx123456', 'username': 'shiyan'}"
"passed","Tue Jan 10 10:06:39 CST 2023","Tue Jan 10 10:06:40 CST 2023","858","tool","test_case","","","","hxj_search_type_asc","POST请求参数:{'deviceNo': '', 'assigned': '', 'orderBy': 'type', 'orderByTwo': 'asc', 'page': {'currentPage': 1, 'showCount': 15}, 'sqlNames': ['type']}"
"passed","Tue Jan 10 10:06:01 CST 2023","Tue Jan 10 10:06:01 CST 2023","769","tool","test_case","","","","cpcomplianceList_valid_num_day2","POST请求参数:{'dayNum': 30, 'dayTime': '2023-01-10', 'orderBy': 'valid_num_day', 'orderByTwo': 'asc', 'page': {'currentPage': 1, 'showCount': 15}, 'sqlNames': ['valid_num_day']}"
"passed","Tue Jan 10 10:05:32 CST 2023","Tue Jan 10 10:05:32 CST 2023","370","tool","test_case","","","","hzlb_updelid","POST请求参数:{'patientId': '', 'page': {'currentPage': 1, 'showCount': 10}, 'keyword': ''}"
"passed","Tue Jan 10 10:05:28 CST 2023","Tue Jan 10 10:05:29 CST 2023","372","tool","test_case","","","","hzlb_mvChartyy","POST请求参数:{'patientId': '31673316294', 'fromDate': '2022-08-22', 'toDate': '2022-09-28'}"
"passed","Tue Jan 10 10:05:27 CST 2023","Tue Jan 10 10:05:27 CST 2023","367","tool","test_case","","","","hzlb_vtChartyy","POST请求参数:{'patientId': '31673316294', 'fromDate': '2022-08-22', 'toDate': '2022-09-28'}"
"passed","Tue Jan 10 10:08:10 CST 2023","Tue Jan 10 10:08:11 CST 2023","1207","tool","test_case","","","","ryenablestaff","POST请求参数:{'status': 3, 'userId': 91673316487}"
"passed","Tue Jan 10 10:06:19 CST 2023","Tue Jan 10 10:06:20 CST 2023","783","tool","test_case","","","","sfdelete","POST请求参数:None"
"passed","Tue Jan 10 10:05:14 CST 2023","Tue Jan 10 10:05:15 CST 2023","367","tool","test_case","","","","hzlb_getMsgCount","POST请求参数:{'state': False}"
"passed","Tue Jan 10 10:04:26 CST 2023","Tue Jan 10 10:04:27 CST 2023","129","tool","test_case","","","","get_token","POST请求参数:None"
"passed","Tue Jan 10 10:05:57 CST 2023","Tue Jan 10 10:05:57 CST 2023","736","tool","test_case","","","","cpcomplianceList_complianceNum","POST请求参数:{'dayNum': 30, 'dayTime': '2023-01-10', 'orderBy': 'complianceNum', 'orderByTwo': 'desc', 'page': {'currentPage': 1, 'showCount': 15}, 'sqlNames': ['complianceNum']}"
"passed","Tue Jan 10 10:04:31 CST 2023","Tue Jan 10 10:04:32 CST 2023","200","tool","test_case","","","","sy_30day","POST请求参数:{}"
"passed","Tue Jan 10 10:05:57 CST 2023","Tue Jan 10 10:05:58 CST 2023","772","tool","test_case","","","","cpcomplianceList_complianceNum2","POST请求参数:{'dayNum': 30, 'dayTime': '2023-01-10', 'orderBy': 'complianceNum', 'orderByTwo': 'asc', 'page': {'currentPage': 1, 'showCount': 15}, 'sqlNames': ['complianceNum']}"
"passed","Tue Jan 10 10:04:30 CST 2023","Tue Jan 10 10:04:30 CST 2023","156","tool","test_case","","","","userInfo","POST请求参数:{}"
"passed","Tue Jan 10 10:07:39 CST 2023","Tue Jan 10 10:07:41 CST 2023","1157","tool","test_case","","","","js_list_add_time_desc","POST请求参数:{'roleName': '', 'orderBy': 'add_time', 'orderByTwo': 'desc', 'page': {'currentPage': 1, 'showCount': 15}}"
"passed","Tue Jan 10 10:05:48 CST 2023","Tue Jan 10 10:05:49 CST 2023","771","tool","test_case","","","","cpcomplianceList_userName2","POST请求参数:{'dayNum': 30, 'dayTime': '2023-01-10', 'orderBy': 'userName', 'orderByTwo': 'asc', 'page': {'currentPage': 1, 'showCount': 15}, 'sqlNames': ['userName']}"
"passed","Tue Jan 10 10:06:42 CST 2023","Tue Jan 10 10:06:43 CST 2023","883","tool","test_case","","","","hxj_search_area_place_desc","POST请求参数:{'deviceNo': '', 'assigned': '', 'orderBy': 'area_place', 'orderByTwo': 'desc', 'page': {'currentPage': 1, 'showCount': 15}, 'sqlNames': ['areaPlace']}"
"passed","Tue Jan 10 10:08:25 CST 2023","Tue Jan 10 10:08:27 CST 2023","1271","tool","test_case","","","","msg_user_do_list_3","POST请求参数:{'account': '', 'firstName': 'shi', 'type': 4, 'page': {'currentPage': 1, 'showCount': 15}}"
"passed","Tue Jan 10 10:05:52 CST 2023","Tue Jan 10 10:05:53 CST 2023","758","tool","test_case","","","","cpcomplianceList_doctorName","POST请求参数:{'dayNum': 30, 'dayTime': '2023-01-10', 'orderBy': 'doctorName', 'orderByTwo': 'desc', 'page': {'currentPage': 1, 'showCount': 15}, 'sqlNames': ['doctorName']}"
"passed","Tue Jan 10 10:07:15 CST 2023","Tue Jan 10 10:07:16 CST 2023","956","tool","test_case","","","","hcsetCycle_3","POST请求参数:{'id': 52, 'institutionId': '41608015906', 'maskCycle': 180, 'filterCycle': 30, 'tubeCycle': 365, 'waterTankCycle': 180, 'venturiMaskCycle': 180, 'frameCycle': 180, 'resistanceBandCycle': 180, 'maskIsSubdivide': True, 'type': 0, 'addTime': '2022-10-22 01:55:30'}"
"passed","Tue Jan 10 10:05:04 CST 2023","Tue Jan 10 10:05:09 CST 2023","4776","tool","test_case","","","","sendnamepwd","发送账密邮件"
"passed","Tue Jan 10 10:07:12 CST 2023","Tue Jan 10 10:07:12 CST 2023","893","tool","test_case","","","","hclistAllUse","POST请求参数:{}"
"passed","Tue Jan 10 10:07:13 CST 2023","Tue Jan 10 10:07:14 CST 2023","916","tool","test_case","","","","hcsetCycle_1","POST请求参数:{'id': 52, 'institutionId': '41608015906', 'maskCycle': 180, 'filterCycle': 30, 'tubeCycle': 365, 'waterTankCycle': 180, 'venturiMaskCycle': 180, 'frameCycle': 180, 'resistanceBandCycle': 180, 'maskIsSubdivide': True, 'type': 1, 'addTime': '2022-10-22 01:55:30'}"
"passed","Tue Jan 10 10:07:02 CST 2023","Tue Jan 10 10:07:03 CST 2023","916","tool","test_case","","","","hc_consumableList_frameTime_asc","POST请求参数:{'orderBy': 'frameTime', 'orderByTwo': 'asc', 'page': {'currentPage': 1, 'showCount': 15}}"
"passed","Tue Jan 10 10:04:23 CST 2023","Tue Jan 10 10:04:25 CST 2023","2749","tool","test_case","","","","zc_timeZoneList","zc_timeZoneList"
"passed","Tue Jan 10 10:06:33 CST 2023","Tue Jan 10 10:06:34 CST 2023","865","tool","test_case","","","","ysgl_getInvitationDoctorList3","POST请求参数:{'page': {'currentPage': 1, 'showCount': 15}, 'invitationDoctorId': 120160918655}"
"passed","Tue Jan 10 10:05:29 CST 2023","Tue Jan 10 10:05:30 CST 2023","344","tool","test_case","","","","hzlb_ipapChartyy","POST请求参数:{'patientId': '31673316294', 'fromDate': '2022-08-22', 'toDate': '2022-09-28'}"
"passed","Tue Jan 10 10:08:22 CST 2023","Tue Jan 10 10:08:24 CST 2023","1713","tool","test_case","","","","msg_user_do_list_1","POST请求参数:{'account': '', 'firstName': '', 'type': '', 'page': {'currentPage': 1, 'showCount': 15}}"
"passed","Tue Jan 10 10:05:25 CST 2023","Tue Jan 10 10:05:25 CST 2023","363","tool","test_case","","","","hzlb_mvChart","POST请求参数:{'patientId': '31673316294', 'fromDate': '2022-09-22', 'toDate': '2022-09-28'}"
"passed","Tue Jan 10 10:06:49 CST 2023","Tue Jan 10 10:06:50 CST 2023","844","tool","test_case","","","","hxjinstitutionTree","POST请求参数:{}"
"passed","Tue Jan 10 10:04:44 CST 2023","Tue Jan 10 10:04:45 CST 2023","1548","tool","test_case","","","","firstNameASC","POST请求参数:{'orderBy': 'firstName', 'orderByTwo': 'asc', 'page': {'currentPage': 1, 'showCount': 15}, 'sqlNames': ['userName', 'patientName', 'userId', 'sex', 'age', 'areaPlace']}"
"passed","Tue Jan 10 10:05:18 CST 2023","Tue Jan 10 10:05:19 CST 2023","376","tool","test_case","","","","hzlb_snSelListAll","POST请求参数:{'userId': 41608015906, 'deviceId': '', 'page': {'showCount': 50, 'currentPage': 1}}"
"passed","Tue Jan 10 10:07:12 CST 2023","Tue Jan 10 10:07:13 CST 2023","927","tool","test_case","","","","hcsearch","POST请求参数:{'type': 2, 'name': '', 'svn': '', 'status': 2, 'page': {'showCount': 15, 'currentPage': 1}}"
"passed","Tue Jan 10 10:06:06 CST 2023","Tue Jan 10 10:06:07 CST 2023","753","tool","test_case","","","","cpcomplianceList_latelTime2","POST请求参数:{'dayNum': 30, 'dayTime': '2023-01-10', 'orderBy': 'latelTime', 'orderByTwo': 'asc', 'page': {'currentPage': 1, 'showCount': 15}, 'sqlNames': ['latelTime']}"
"passed","Tue Jan 10 10:06:45 CST 2023","Tue Jan 10 10:06:46 CST 2023","866","tool","test_case","","","","hxj_search_patient_name_desc","POST请求参数:{'deviceNo': '', 'assigned': '', 'orderBy': 'patient_name', 'orderByTwo': 'desc', 'page': {'currentPage': 1, 'showCount': 15}, 'sqlNames': ['patientName']}"
"passed","Tue Jan 10 10:05:31 CST 2023","Tue Jan 10 10:05:31 CST 2023","399","tool","test_case","","","","hzlb_leakChartAlldd","POST请求参数:{'patientId': '31673316294', 'fromDate': '2022-09-28', 'toDate': '2022-09-28'}"
"passed","Tue Jan 10 10:08:09 CST 2023","Tue Jan 10 10:08:10 CST 2023","1206","tool","test_case","","","","rydisablestaff","POST请求参数:{'status': 0, 'userId': 91673316487}"
"passed","Tue Jan 10 10:06:02 CST 2023","Tue Jan 10 10:06:03 CST 2023","798","tool","test_case","","","","cpcomplianceList_ahi2","POST请求参数:{'dayNum': 30, 'dayTime': '2023-01-10', 'orderBy': 'ahi', 'orderByTwo': 'asc', 'page': {'currentPage': 1, 'showCount': 15}, 'sqlNames': ['ahi']}"
"passed","Tue Jan 10 10:07:55 CST 2023","Tue Jan 10 10:07:56 CST 2023","1179","tool","test_case","","","","institutionTree","POST请求参数:None"
"passed","Tue Jan 10 10:07:07 CST 2023","Tue Jan 10 10:07:08 CST 2023","925","tool","test_case","","","","hc_consumableList_waterTankTime_desc","POST请求参数:{'orderBy': 'waterTankTime', 'orderByTwo': 'desc', 'page': {'currentPage': 1, 'showCount': 15}}"
"passed","Tue Jan 10 10:07:32 CST 2023","Tue Jan 10 10:07:33 CST 2023","1072","tool","test_case","","","","jggl_orgDoList_add_time_desc","POST请求参数:{'orderBy': 'add_time', 'orderByTwo': 'desc', 'page': {'currentPage': 1, 'showCount': 15}, 'sqlNames': ['addTime']}"
"passed","Tue Jan 10 10:06:12 CST 2023","Tue Jan 10 10:06:13 CST 2023","1267","tool","test_case","","","","sf_patient_do_list","POST请求参数:{'patientName': '', 'page': {'currentPage': 1, 'showCount': 500}}"
"passed","Tue Jan 10 10:06:59 CST 2023","Tue Jan 10 10:07:00 CST 2023","909","tool","test_case","","","","hc_consumableList_tubeTime_desc","POST请求参数:{'orderBy': 'tubeTime', 'orderByTwo': 'desc', 'page': {'currentPage': 1, 'showCount': 15}}"
"passed","Tue Jan 10 10:04:39 CST 2023","Tue Jan 10 10:04:40 CST 2023","1535","tool","test_case","","","","userNameASC","POST请求参数:{'orderBy': 'userName', 'orderByTwo': 'asc', 'page': {'currentPage': 1, 'showCount': 15}, 'sqlNames': ['userName', 'userId', 'sex', 'age', 'areaPlace', 'doctorName', 'type']}"
"passed","Tue Jan 10 10:04:35 CST 2023","Tue Jan 10 10:04:35 CST 2023","268","tool","test_case","","","","sy_agentHomepageList","POST请求参数:{}"
"passed","Tue Jan 10 10:05:27 CST 2023","Tue Jan 10 10:05:27 CST 2023","372","tool","test_case","","","","hzlb_spo2Chartyy","POST请求参数:{'patientId': '31673316294', 'fromDate': '2022-08-22', 'toDate': '2022-09-28'}"
"passed","Tue Jan 10 10:06:21 CST 2023","Tue Jan 10 10:06:22 CST 2023","809","tool","test_case","","","","yslb_userId_desc","POST请求参数:{'orderBy': 'userId', 'orderByTwo': 'desc', 'page': {'currentPage': 1, 'showCount': 15}}"
"passed","Tue Jan 10 10:04:26 CST 2023","Tue Jan 10 10:04:26 CST 2023","101","tool","test_case","","","","zc_phoneEmailname2","POST请求参数:{'userName': 'zdhuanzhezhuce'}"
"passed","Tue Jan 10 10:05:24 CST 2023","Tue Jan 10 10:05:24 CST 2023","388","tool","test_case","","","","hzlb_spo2Chart","POST请求参数:{'patientId': '31673316294', 'fromDate': '2022-09-22', 'toDate': '2022-09-28'}"
"passed","Tue Jan 10 10:06:24 CST 2023","Tue Jan 10 10:06:25 CST 2023","815","tool","test_case","","","","yslb_jobtitle_asc","POST请求参数:{'orderBy': 'jobtitle', 'orderByTwo': 'asc', 'page': {'currentPage': 1, 'showCount': 15}}"
"passed","Tue Jan 10 10:05:15 CST 2023","Tue Jan 10 10:05:16 CST 2023","343","tool","test_case","","","","hzlb_institutionList","POST请求参数:{'userId': 41608015906, 'deviceId': '', 'instiutionNameq': ''}"
"passed","Tue Jan 10 10:06:10 CST 2023","Tue Jan 10 10:06:10 CST 2023","947","tool","test_case","","","","follow_type_desc","POST请求参数:{'addTime': '', 'addTimeMax': '', 'followPatientName': '', 'followType': '', 'doctorName': '', 'orderBy': 'follow_type', 'orderByTwo': 'desc', 'page': {'currentPage': 1, 'showCount': 15}}"
"passed","Tue Jan 10 10:04:26 CST 2023","Tue Jan 10 10:04:26 CST 2023","101","tool","test_case","","","","zc_phoneEmailname","POST请求参数:{'userName': 'shiyan'}"
"passed","Tue Jan 10 10:06:14 CST 2023","Tue Jan 10 10:06:15 CST 2023","766","tool","test_case","","","","newtreatment","POST请求参数:{'isSeng': 1, 'followDesc': '新增治疗建议', 'followType': '2', 'followManageVo': [{'followPatientId': '31673072638', 'followPatientName': '举贤'}]}"
